,CONTENT,DATETIME,DOCID,TYPE
0,국립공원 깃대종 화보 촬영 준비중이야,20100508234855,1,TWEET
1,http://bit.ly/aHNGbm [주왕산국립공원] 주왕산에서 만난 깃대종과 희귀식물들 #여행떠나자_,20100623173755,2,TWEET
2,"이번 한번은 사줘야 겠네요.. http://bit.ly/9U2XcJ 라푸마, 국립공원의 깃대종 생물을 보호하는 캠페인의 하나로 '깃대종 티셔츠'를 판매. 깃대종 생물은 지역의 생태적, 지리적 특성을 반영하는 상징적인 야생 동ㆍ식물로....",20100624180028,3,TWEET
3,속리산깃대종하늘다람쥐캐릭터 http://twitpic.com/34ay1r,20101106134919,4,TWEET
4,깃대종 들어보셨나요? 한 지역의 생태계를 대표하는 동 식물을 말하는데요~! 대표 국립공원의 사랑스러운 희귀 동물 식물은 누가 있는지 눈여겨 봐주세요^-^ http://v.daum.net/link/13493573,20110128091452,5,TWEET
5,변산반도국립공원 깃대종 변산바람꽃 서식지를 일정기간 개방합니다. 변산반도를 방문하실때 꼭 변산바람꽃을 만나보세요~ http://bit.ly/hr0PMZ #국립공원_ #변산반도_,20110222132101,6,TWEET
6,@leontrozki ㅎㅎ 지리산 깃대종이래요~,20110328155740,7,REPLY
7,"깃대종을 부탁해, 튼튼한 자연생태계를 위해 보호해야 할 희귀 동식물 http://berghausway.tistory.com/359",20110329154917,8,TWEET
8,생물학분류중에 깃대종분류법이란게 있다. 쉬리 짠! 여긴 깨끗하다!가 바로 그예. 넬슨 만델라는 한 사회가 아이를 다루는 방식만큼 그 사회의 영혼을 잘 드러내는 것은 없다고 말했다. 아이. 청소년. 청년은 이 사회의 깃대종. 어텐션 플리즈. 해결해주쇼,20110401152809,9,TWEET
9,@vesperMJ '국립공원 깃대종 보호 캠페인'....(Lafuma) 민준 씨에 잘 어울립니다(*^o^*),20110413054742,10,REPLY
10,4월 16일부터 설악산페이스북오픈 기념 이벤트가 진행됩니다. 추첨을 통해 설악산생태관광 당일형 이용권과 설악산깃대종 티셔츠를 드리니 많은 홍보와 참여 부탁드립니다. http://fb.me/YzLDE1zP,20110414095921,11,TWEET
11,'깃대종'보호캠페인에 스타들이 나섰다 http://j.mp/hOYlMU,20110420153051,12,TWEET
12,라푸마와스타들이함께한 깃대종보호캠페인화보♥조하랑 http://bit.ly/hrpjj1,20110420191929,13,TWEET
13,[★포토]라푸마와 스타들이 함께한 '깃대종'보호캠페인 화보④이청아 ◎http://stylem.mt.co.kr/styview.php?no=2011042015180223019&type=1,20110425103623,14,TWEET
14,깃대종 접근법,20110428091208,15,TWEET
15,"[Lafuma] 프랑스 정통 아웃도어 라푸마, 깃대종 보호 캠페인 화보 촬영 (김재욱, 김민준, 현우, 이청아, 서효림, 조하랑): ? ? ? ? 1930년 탄생한 프랑스 정통 아웃도어 ‘라푸마’ 라푸... http://bit.ly/megRdd",20110503233649,16,TWEET
16,깃대종을 위해 모인 라푸마의 스타들.: ?라푸마. 1930년에 등장한 프랑스 정통의 아웃도어 브랜드. 이 라푸마는 지난해 한국을 강타한 아웃도어 브랜드들의 러쉬에 큰 공을 세웠다. 특히나 지난해 아웃도... http://bit.ly/mkyDjk,20110511000926,17,TWEET
17,"속리산 국립공원의 깃대종으로 멸종위기동물2급에 해당하는 하늘다람쥐입니다.국립공원근무자가 찍은 장면인데 눈망울이 너무 순수하고 반짝여 놀 라운데 ,작난스러운 모습은 넘 귀엽네요. http://t.co/1Gxmsww",20110612083909,18,TWEET
18,"@dkdsnstjq 그뭐냐, 깃대종 참여모델에있다고 ? 뭐찍었단거같기도하고. 그냥자른걸수도있고. 어지간히더웠나보지 ㅋㅋㅋㅋㅋㅋㅋㅋㅋㅋㅋㅋㅋㅋㅋㅋㅋㅋㅋㅋㅋㅋㅋㅋㅋㅋㅋㅋㅋㅋㅋㅋㅋㅋㅋㅋㅋㅋㅋㅋㅋㅋㅋㅋㅋㅋㅋㅋㅋㅋㅋ",20110613215459,19,REPLY
19,"복주머니란(개불알꽃) 개화: 지리산국립공원 특정식물 복주머니란 (개불알꽃) 개화 ※ 특정식물이란? 공원 내에서 자생하는 보전가치가 있는 식물 로 멸종위기종, 깃대종, 희귀식물.. http://blog.daum.net/wildsystem/17226581",20110614152957,20,TWEET
20,"대구환경청, 왕피천 깃대종에 '산양.금강송' http://t.co/wqBfq4X 왕피천은 경북울진에 위치한 전국최대규모의 생태경관보전지역으로 산양, 담비, 산작약 등 멸종위기야생동·식물 등 1100여종이 집중서식하고 있는 생물자원의 보고입니다.",20110630095143,21,TWEET
21,"축하합니다... 윤수영,선명진,양진,Young Jin Kim, Sa Rangkim님 깃대종티셔츠 받을실 주소 메세지 보내주세요. 500번째 팬이되신 노영선님도요^^ 앞으로도 자주 설악폐친과 함께할 수... http://fb.me/QDIJZGtK",20110723112001,22,TWEET
22,몽할망구의 이야기홀릭깃대종(Flagship Species) http://t.co/hAiQg19,20110910210518,23,TWEET
23,[녹색연합20주년]깃대종을 아시나요? http://t.co/SUosnOAj,20110922085241,24,TWEET
24,지리산국립공원 깃대종을 소개합니다! http://t.co/NRVOgISG,20111018145418,25,TWEET
25,"[CBC포토] ‘깃대종’ 호반새, 아름다운 주황색 깃털 http://t.co/sRWVVAzK #cbci",20111108100215,26,TWEET
26,지리산국립공원 깃대종 히어리: 지리산국립공원 깃대종 히어리 지역사회 교육?홍보용으로 보급?공유 □ 국립공원관리공단 지리산국립공원남부사무소 (김진광 소장)는 지리산국립공원의 생.. http://t.co/OpC5y83v,20111108165421,27,TWEET
27,지리산국립공원 깃대종 반달가슴곰 복원 및 지역경제 활성화 도모를: 지리산국립공원 깃대종 반달가슴곰 복원 및 지역경제 활성화 도모를 Win-Win 업무협약 체결 ?????? 지.. http://t.co/p7Ahf1AU,20111115113811,28,TWEET
28,깃대종 상괭이를 아십니까: 특정 지역의 생태계를 대표할 수 있는 중요 동ㆍ식물을 ‘깃대종’(flagship species)이라 한다. 깃대종은 1993년 국제연합환경계획(UNEP)이 발표한 ‘생물다양성기사보기 http://t.co/hm6EFiIG,20111227145031,29,TWEET
29,국립공원별 깃대종. 깃대종이란? 특정지역의 생태·지리·문화적 특성을 반영하는 상징적인 야생 동·식물 또는 생태계의 여러 종 가운데 사람들이 중요하다고 인식하고 있는 종 http://t.co/muaaFuTr,20111228172025,30,TWEET
30,“@iloveKNPS: 국립공원별 깃대종. 깃대종이란? 특정지역의 생태·지리·문화적 특성을 반영하는 상징적인 야생 동·식물 또는 생태계의 여러 종 가운데 사람들이 중요하다고 인식http://t.co/CGPvDvTz” #국립공원 #alpineclub,20111229004918,31,REPLY
31,"전교조를 좇아가면 좌익이 보인다 전교조는 좌익의 깃대종이다. 좌익의 흥망성쇠를 가름할 수 있는 상징적 존재이며, 좌익들의 최후의 보루이다. 그러므로 전교조가 무너지면, 좌익들도 무너진... http://t.co/AQ3LSpY8",20120117085002,32,TWEET
32,변산반도국립공원 깃대종 변산바람꽃과 부안종개를 보호합시다. http://t.co/dyYfxgCY,20120127112324,33,TWEET
33,변산바람꽃 일부 자생지 개방 운영: 변산반도국립공원의 깃대종인 변산바람꽃 자생지 보호를 위해 http://t.co/Vur5HCdr,20120217154147,34,TWEET
34,"깃대종이란 특정지역의 생태,지리, 문화적 특성을 반영하는 상징적인 야생 동,식물로써 사람들이 보호해야 할 필요성을 인정하는 종... 북한산의 깃대종인 오색딱다구리 http://t.co/tB6lY0k2",20120218175316,35,TWEET
35,속리산국립공원 깃대종 하늘다람쥐입니다~~ 큰눈망울이 귀엽죠 ^^ http://t.co/ZZoGbS1e,20120226162649,36,TWEET
36,지역아동센터 아이들을 대상으로 방과후 돌피니 환경교실 프로그램을 운영했어요. 깃대종 그림을 이용한 색모래그림액자 만들기~아이들이 너무 재미있어 했답니다. http://t.co/YhKkrQVe,20120322131103,37,TWEET
37,가야산 국립공원의 깃대종인 삵의 행동권을 모니터링 중입니다*^^* http://t.co/yIJ6wapo,20120324200927,38,TWEET
38,아이들 눈으로 보는 깃대종은 어떤 모습 일까요? 손으로 직접 만든 엽서 나도 그려보고 싶다 ㅎ http://t.co/uCTX1bW7,20120326133500,39,TWEET
39,가야산 국립공원의 깃대종 가야산은분취는 가야산에서 처음 확인되어 '가야산'이라는 지명이 붙었습니다^^* 잎 뒷면과 꽃은 뽀얀 은가루를 뿌려놓은듯 하답니다~ http://t.co/Pw5YyJNj,20120326164843,40,TWEET
40,"가야산 국립공원의 깃대종 삵은 고양이와 매우 닮았지만 귀 뒷면이 황색이고, 코에서 이마까지 두개의 하얀 줄무늬가 특징입니다~^^* http://t.co/iNWhCgjU",20120326165004,41,TWEET
41,변산반도국립공원 깃대종 엽서 만들기!!! 아이들 솜씨가 예사롭지 않아요^^ http://t.co/MvQLJVmz,20120406234947,42,TWEET
42,주왕산국리공원 깃대종 http://t.co/NfOfomPe,20120408134435,43,TWEET
43,[한국의 인어 : 토종고래 상괭이] 깃대종을 아시나요?!? http://t.co/G3feQ05G,20120409154441,44,TWEET
44,[한국의 인어 : 토종고래 상괭이] 깃대종을 아시나요?!? http://t.co/YPQtXYPW,20120409190009,45,TWEET
45,우리나라에만 사는 고유종인 '모데미풀'입니다. 소백산의 깃대종이죠. 지금은 멸종위기식물원에 피었지만 곧 정상 봉우리 능선을 따라 즐비하게 피어날 거에요~~~http://t.co/jolWg7xE,20120416132552,46,TWEET
46,속리산국립공원의 깃대종은? http://t.co/tTYXali1,20120418010209,47,TWEET
47,북한산 깃대종 ‘산개나리’ 복원 http://t.co/7nZUlF13,20120430080657,48,TWEET
48,치악산 깃대종 금강초롱이와 어린이 대면! http://t.co/I38Ez7Al,20120505215506,49,TWEET
49,"월출산국립공원 깃대종 ""끈끈이주걱"" 입니다. http://t.co/Deni97Vq",20120507143205,50,TWEET
50,경주국립공원의 깃대종 원앙입니다. 자연상태에서 찍었으면 더 좋왔을껄 하는 생각이 듭니다. 무럭무럭 잘 자라다오.^^ http://t.co/iJJ34IKb,20120517173438,51,TWEET
51,"태안해안국립공원 깃대종이며, 멸종위기 2급 표범장지뱀입니다. 사진을 보고 만약에 표범장지뱀을 마주치면, 예쁘다고 만지지 마세요.~~ 우리 체온에 표범장지뱀이 화상을 입을 수 있습니다.!!! http://t.co/AVltyRgC",20120524182429,52,TWEET
52,"태안해안국립공원 깃대종이며, 멸종위기 2급인 표범장지뱀의 서식현황 및 개체밀도를 파악해서 장지뱀의 보호 방안을 마련하고자, 서식현황 및 개체밀도를 조사하는 모습입니다. http://t.co/1LWJBNPQ",20120525083955,53,TWEET
53,@taeanhaean_knp 표범장지뱀 첨 들어봐요 ㅎㅎ 근데요 깃대종이 무슨 뜻인지? ㅎㅎ 정말 좋은일 하세요 ^^,20120525084308,54,REPLY
54,[多島海 자연경관 특집-'남해의 아름다움!'] 이런 모습을 바로 '열정'이라 하지요. 다도해해상국립공원 직원의 거문도 풍란(깃대종) 조사중-by최희원 http://t.co/TkReIdPt,20120527194645,55,TWEET
55,"이 친구의 이름을 뭘까요? 태안해안국립공원 깃대종이며, 멸종위기 2급 표범장지뱀입니다~ 혹시 마주치시면, 예쁘다고 무심코 만지진 마세요~ 우리 체온에 표범장지뱀은 화상을 입을 수 있답니다!!!!! http://t.co/cB262LB6",20120531131542,56,TWEET
56,한려해상국립공원 깃대종 &quot;팔색조&quot;가 돌아왔어요! http://t.co/PgBQrUgu,20120601112228,57,TWEET
57,"SBJ 한국방송 - 한려해상국립공원 깃대종 ""팔색조""가 돌아왔어요! http://t.co/DS56fHEq",20120601122529,58,TWEET
58,덕유산 깃대종 금강모치 잡아먹는 외래어종 잡아낸다 http://t.co/6HBSJZxJ,20120610150558,59,TWEET
59,덕유산 깃대종 금강모치 잡아먹는 외래어종 잡아낸다 http://t.co/RipVE67m,20120610155254,60,TWEET
60,속리산 국립공원의 깃대종 '하늘다람쥐'에요! 눈이 똘망똘망한게 참 귀엽네요. 몸을 쫙~ 펼쳐 20~30m(최고 100m)비행을 하는 녀석입니다. 서로를 포용하는 사회적 습성을 가진 동물로 성질이 온순하다고 해요^^ http://t.co/KCCBWfk6,20120613085713,61,TWEET
61,## 국립공원 깃대종 '동물편' ## http://t.co/5wZuxFE3 국립공원의 깃대종 중 동물친구들을 소개해드리고자 해요. 링크(국립공원 공식 블로그)에서 국립공원 깃대종을 만나보세요 ^^,20120613110339,62,TWEET
62,졸지마세요~!!! 나른한 오후 시작이지만 화이팅~!! ^0^ 주왕산 국립공원 깃대종 솔부엉이입니다! http://t.co/8LzdCWzP,20120613143024,63,TWEET
63,지리산 국립공원 깃대종 '히어리'에요! 히어리는 그 아름다움이 빼어나 관상적 가치가 아주 뛰어난 식물이랍니다. http://t.co/VnurlKbR,20120614103559,64,TWEET
64,국립공원 깃대종 '식물편 ' http://t.co/VbpN9Wdx,20120614223445,65,TWEET
65,한려해상공원 남해지역서 팔색조 둥지 첫 발견 http://t.co/1M4xrCho (남해=연합뉴스) 지성호 기자 = 경남 남해의 한려해상국립공원사무소는 남해군 지역에서 깃대종 팔색조(멸종위기 야생동물Ⅱ급ㆍ 천연기...,20120619164241,66,TWEET
66,한려해상공원 남해지역서 팔색조 둥지 첫 발견: (남해=연합뉴스) 지성호 기자 = 경남 남해의 한려해상국립공원사무소는 남해군 지역에서 깃대종 팔색조(멸종위기 야생동물Ⅱ급ㆍ 천연기념물 제204호) 둥지 1개를 발견했다고 19일 밝혔다. ...,20120619164328,67,TWEET
67,한려해상국립공원 깃대종 팔색조 남해지역 최초 둥지확인 http://t.co/z8WKvxPv,20120620151938,68,TWEET
68,"(생태계) 저어새는 다리가 4개?: 저어새는 다리가 4 개 ? ‘ 깃대종 ’ 이라는 말이 있다 . 유엔환경계획 (UNEP) 에서 만든 개념으로 , 그 지역을 대표하는 생물이다.. http://t.co/7KlNBOYB",20120703140803,69,TWEET
69,"계룡산 국립공원의 깃대종 '호반새'가 올해에도 공원내에 번식하고 있다는 반가운 소식입니다. 6~7월은 호반새의 산란기이기 때문에 탐방객분들의 주의가 필요합니다. 큰~소리로 소리를 치시거나, 라디오나 휴대폰 등으로 크게 음악 듣는 것을 자제해주세요~!!",20120703145710,70,TWEET
70,우리공원 깃대종인 거머리말(Zostera marina) 입니다. http://t.co/9g85PxfJ,20120703174300,71,TWEET
71,"치악산 깃대종 금강초롱꽃입니다. 꽃은 8~9월에 통꽃으로 피며 연한 자주색 또는 백색으로 은은한 빛을 내며, 꽃이 밑을 향해 달리며 꽃받침은 다섯개로 갈라집니다. 은은한 멋이 있는 금강초롱꽃 이쁘지 않나요?^^ http://t.co/Li1v1MgC",20120704101911,72,TWEET
72,치악산 깃대종 금강초롱꽃입니다. 은은한 멋이 있는 금강초롱꽃 이쁘지 않나요?^^ http://t.co/QRPBxTCl,20120704130057,73,TWEET
73,청초한 금강초롱^^ @bik0323: 치악산 깃대종 금강초롱꽃입니다. 은은한 멋이 있는 금강초롱꽃 이쁘지 않나요?^^ http://t.co/EwiDDEUF,20120704140304,74,REPLY
74,"6월, 무인센서카메라에 찍힌 가야산국립공원의 깃대종 '삵'의 모습입니다^^ 삵은 환경부지정 멸종위기동물 Ⅱ급 동물로 지정되어있습니다. 건강하게 잘 자라길 기원해주세요^^ http://t.co/icApGJTx",20120706171410,75,TWEET
75,오대산의 깃대종을 아시나요?^^ 바로 긴점박이올빼미와 노랑무늬붓꽃 입니다~^^ 정말 멋지고 아름답죠?^^ http://t.co/cYpBmkLr,20120712100227,76,TWEET
76,계룡산의 깃대종 호반새를 아시나요? http://t.co/bm97fVUO,20120713031742,77,TWEET
77,4년간의 4대강사업 어디에도 자연생태하천은 없었다.자생식물?자연천이? 너희가 그게 무슨뜻인지 알기나해? 4대강 전역의 깃대종이란 깃대종은 깡그리 말살시킨 주제에 마지막사업지 두물머리에는 생태주의의 깃발을 꽂겠다고? http://t.co/Nlp0DYj2,20120716115125,78,TWEET
78,@moe_daegu 달성습지. 깃대종은. 두루미가 될수. 있도록. 다. 함께. 노력합시다,20120717222802,79,REPLY
79,"우리사무소는 지난 17일 지역 학교(태안초등학교)와 함께하는 ‘내고장 국립공원 탐험대’를 운영했습니다. 태안해안국립공원 깃대종이며, 멸종위기 2급인 표범장지뱀에 대해 해설을 했습니다. ^^ http://t.co/jY0S0DYh",20120719111758,80,TWEET
80,대전 계룡산 국립공원의 깃대종 호반새! 호반새를 지키자!! http://t.co/pPxElhER,20120724000039,81,TWEET
81,전시용 판넬 만들기-계룡산 깃대종 http://t.co/HOvgxEWA,20120727224652,82,TWEET
82,계룡산의 깃대종 호반새를 아시나요? http://t.co/bm97fVUO,20120727232533,83,TWEET
83,"2010년 환경부에서 한국 고유종으로, 2011년 계룡산 화산계곡지역 깃대종으로 선정되었지만 보호가 많이 안되고 있어요 =( 이끼도롱뇽의 서식지라고 홍보물이 부착된 계룡산에서는 오히려 더 개체수가 줄어드는 추세랍니다 ㅠㅠ",20120727233440,84,TWEET
84,계룡산의 깃대종 호반새를 아시나요? http://t.co/LqsGDlOh,20120728021534,85,TWEET
85,깃대종은 또 뭐야? http://t.co/TFnUePvf,20120729223511,86,TWEET
86,기본알아보기=깃대종 http://t.co/H2oHYbU1,20120801152331,87,TWEET
87,수원 대표 동·식물 ‘7대 깃대종’ 뽑는다 http://t.co/ucENkqzC,20120804204906,88,TWEET
88,계룡산의 깃대종 호반새를 아시나요? http://t.co/rUN6x0qa,20120806213331,89,TWEET
89,"소백산 깃대종,참갈겨니’우리가 보호합시다 http://t.co/lJCZvtko",20120811083144,90,TWEET
90,월평공원에 서식하는 깃대종 http://t.co/TfewjkyX,20120812232122,91,TWEET
91,"녹색연합에서 울진 산양 이야기를 열심히 듣고 있는 화가 이장미 선생님!! 겨울에 나올 ""대한민국 깃대종"" 두 번째 이야기 기대해 주세요!! ^^ http://t.co/5yHGkCJ3",20120816164232,92,TWEET
92,계룡산 국립공원 홈페이지에 제안글을 올렸어요.: 보이시죠? 계룡산을 탐방해 보니 동학사도 수통골에도 호반새만 계룡산 국립공원 표지판에 나와 있었습니다. 이끼도롱뇽도 깃대종인데... 그래서 <제안합니다>... http://t.co/InCcksC9,20120821215057,93,TWEET
93,계룡산(동학사)에 다녀왔습니다.1탄: 비가 오는 날씨에 이끼도롱뇽이 깃대종으로 되어 있는 계룡산에 다녀왔습니다. 이끼도롱뇽이 많이 서식하고 있는 계룡산에 가서 계룡산애 서식하고 있는 동.식물에 ... http://t.co/YWMPtLVd,20120821222200,94,TWEET
94,내장산의 깃대종 http://t.co/h9uYF2E0,20120824214724,95,TWEET
95,계룡산국립공원의 깃대종 http://t.co/Xrb3a3UP,20120827224109,96,TWEET
96,변산반도 국립공원 깃대종 http://t.co/sxtgyhbR,20120828231649,97,TWEET
97,"지표종, 깃대종, 그리고 고유종! http://t.co/QMecLKon",20120829235623,98,TWEET
98,변산반도 국립공원 깃대종 - 부안종개 http://t.co/cfqQH2Q1,20120830010500,99,TWEET
99,"변산반도 국립공원 깃대종 - 부안종개: 변산반도 국립공원 깃대종 깃대종이란 특정지역의 생태적. 문화적. 지리적 특성을 반영하는 상징적인 야생 동,식물로써 사람들이 보호해야할 필요성을 인정하는 종 입... http://t.co/ud6mg5Ip",20120830011034,100,TWEET
100,"지난 8월 29일 태안해안국립공원 깃대종, 멸종위기종 2급인 표범장지뱀 서식지인 특별보호구역 모니터링을 실시했습니다. 우리공원은 꾸준하고 지속적인 모니터링으로 건강한 자연생태계를 보전하는데 최선을 다하겠습니다. http://t.co/LBSLds0q",20120830110435,101,TWEET
101,"태안해안국립공원 깃대종이며, 멸종위기종 2급인 표범장지뱀입니다. 만약에 표범장지뱀을 보면 예쁘다고 만지지 마세요.~ 우리 체온에 표범장지뱀이 화상을 입을 수 있습니다!!! http://t.co/gUaRMIrc",20120830110735,102,TWEET
102,"변산반도의 깃대종 변산바람꽃,부안종개: 야생동식물의 낙원인국립공원. 변산반도는 희귀동식물과 자연생태계가 잘 보존되어 있으며, 멸종위기종에 놓인 야생동식물을 보호하는 한편 생태계를 교란시키는 야생동식물... http://t.co/BB4pctpL",20120902010343,103,TWEET
103,계룡산국립공원 깃대종 '이끼도롱뇽' 입니다. 이끼도롱뇽은 미주도롱뇽과로 '허파 없는 미주도롱뇽(lungless salamander)'의 한국어 이름입니다. 이끼도롱뇽이 한국에서 발견되기 전까지... http://t.co/5QzHLHvv,20120906155248,104,TWEET
104,"@iloveKNPS 깨알같은 설명으로 덕유산,적상산,머루와인 동굴까지 여행 잘했습니다~낭만적인 캠핑카 카라반도,깃대종 금강모치도 모두 새롭게 알게 되었고 정성이 깃든 정갈한 음식들도 다 좋았습니다~우리 나라에 대해 하나하나 알아가는 즐거움이 큽니다^^",20120912133528,105,REPLY
105,"월평공원에 우리가 살고 있어요(이삭귀개-깃대종2): 이삭귀개 높이 10∼30mm이고 양지쪽 습지에서 자란다. 실 같은 땅속줄기가 옆으로 벋으면서 주걱 같은 잎이 군데군데에서 무더기로 나오고, 뿌... http://t.co/8CSG2eDo",20120915233259,106,TWEET
106,월평공원에 우리가 살고있어요(늦반디불이-깃대종3) http://t.co/lZV8TK4p,20120916212819,107,TWEET
107,"월평공원에 우리가 살고있어요(늦반디불이-깃대종3): 늦반딧불이 <w:wrap type=""topAndBottom""></w:wrap> <o:lock v:ext=""edit"" aspectratio=""t""></... http://t.co/AsKklSVw",20120916212922,108,TWEET
108,월평공원에 우리가 살고있어요(가재-깃대종4) http://t.co/TZBZdBRb,20120916213013,109,TWEET
109,월평공원에 우리가 살고 있어요(두꺼비-깃대종5) http://t.co/L7gNk2MG,20120916213659,110,TWEET
110,월평공원에 우리가 살고 있어요(까치살모사-깃대종6) http://t.co/ok5lvQ2z,20120917235901,111,TWEET
111,월평공원에 우리가 살고 있어요(맹꽁이-깃대종7) http://t.co/m8zuIMAo,20120918220206,112,TWEET
112,월평공원에 우리가 살고 있어요(흰목물떼새-깃대종8) http://t.co/PasnWp4c,20120919194520,113,TWEET
113,월평공원에 우리가 살고 있어요(엽새우-깃대종9) http://t.co/AIlR1dBN,20120920233516,114,TWEET
114,월평공원에 우리가 살고 있어요(미호종개-깃대종10) http://t.co/KHmNFGpd,20120921215140,115,TWEET
115,"이도사 활동을 하면서: 나는 환경 문제에 별 관심도 없었고 깃대종이니 보호종이니 모두 휘귀종인줄 알고 쳔년 기념물인 줄만 알고 있었다. 활동을 하면서 국립공원, 갯벌, 습지 등을 다녀 보니 이렇게 아름... http://t.co/2q73xELH",20120923150501,116,TWEET
116,[공모전] 통영거제환경연합 '거제 대표 깃대종 공모전' 벌여 - 오마이뉴스 http://t.co/iNdWed2A <무한RT>>,20121005095949,117,TWEET
117,통영거제환경연합 '거제 대표 깃대종 공모전' 벌여 http://t.co/WsPkoNMJ,20121005100315,118,TWEET
118,통영거제환경연합 '거제 대표 깃대종 공모전' 벌여: 통영거제환경운동연합은 오는 20일 거제 독봉산웰빙공원에서 거제의 대표적 깃대종인 '수달'(천연기념물 제330호) '팔... http://t.co/eCy7ZNF9 (오마이뉴스),20121005100354,119,TWEET
119,통영거제환경연합 '거제 대표 깃대종 공모전' 벌여 http://t.co/zrlr6Lzn 통영거제환경운동연합은 오는 20일 거제 독봉산웰빙공원에서 거제의 대표적 깃대종인 '수달'(천연기념물 제330호) '팔색조'(천연기념물 제204호)를...,20121005100648,120,TWEET
120,"환경연합, 거제 깃대종 수달·팔색조 공모전: 【거제=뉴시스】최운용 기자 = 경남 통영·거제환경운동연합은 오는 20일 거제시 독봉산 웰빙공원에서 지역의 대표적인 깃대종인 수달, 팔색조 공모전을 연다고 8... http://t.co/J77OAZsk",20121008083723,121,TWEET
121,"환경연합, 거제 깃대종 수달·팔색조 공모전",20121008083723,122,TWEET
122,"http://t.co/Vx6dJnYl 환경연합, 거제 깃대종 수달·팔색조 공모전 #yozm",20121009004019,123,TWEET
123,"거제환경련, 독봉산서 깃대종 공모전 개최 http://t.co/ofimXtr1",20121009143450,124,TWEET
124,독봉산 웰빙공원에서 2012 환경연합 깃대종 공모전이 열립니다http://t.co/GOdQsQKH,20121012092622,125,TWEET
125,국립공원과 함께하는 깃대종 그리고 봉사활동 - 핸드온 자원봉사를 통해 국립공원을 내손으로 아름답게! http://t.co/2SsM38ik,20121014081216,126,TWEET
126,"""녹색연합과 함께하는 대한민국 깃대종"" 4권 취재하러 북한산 진관사에 왔어요.. 곱게 물든 감나무 이파리 건너다보면서 차 한 잔 마시니, 이곳이 천상인 듯.. http://t.co/oelNlkHi",20121024132301,127,TWEET
127,[이이재]오늘은 제가 운영위원장으로 몸담았던 백두대간보전회가 주최하는 백두대간 산삼심기 행사에 참석했슴다. 산삼은 백두대간의 정기를 상징하는 식물생태계의 깃대종입니다. 산심도 심고 산행도 http://t.co/vnENUTgj,20121029093124,128,TWEET
128,5분만에 독파하는 정권파악 영상! 12월 대선 그 선택의 기준이 됩니다! 정치계 깃대종 문성근! 밝고 쉽게 보여줍니다. 온국민이 보시고 희망을 품기 바라며 http://t.co/H55IZvGE,20121111103610,129,TWEET
129,계룡산의 깃대종 호반새를 아시나요? http://t.co/iN1wuwBA,20121118111533,130,TWEET
130,내장산국립공원 깃대종을 아시나요? http://t.co/GYDkWiZO http://t.co/qssga2bI,20121121173124,131,TWEET
131,내장산국립공원 깃대종을 아시나요? (http://t.co/GYDkWiZO) http://t.co/1lGDxa2y,20121121173130,132,TWEET
132,[깃대종] 천년을 이어온 빛! 비단벌레 이야기 - 내장산국립공원의 깃대종 '비단벌레' http://t.co/CDFSHzew,20121123101205,133,TWEET
133,"[내장산국립공원의 깃대종 '비단벌레'] 각도와 양에 따라 여러가지 다양한 빛을 내는 날개를 가진 비단벌레! 옛날에는 공예품에 사용되기도 했는데 지금은 개체수가 줄어 멸종위기야생동물, 천연기념물로 지정되었습니다.ㅠㅠ http://t.co/1bXK876u",20121123113833,134,TWEET
134,## 봄의 전령사 ## 변산바람꽃이 피었네요~ 아직 활짝 피진 않았지만 봄의 기운이 느껴지시죠? ^-^ 변산바람꽃은 그 이름대로 변산반도 국립공원의 깃대종입니다! http://t.co/q0RMxQsV,20130219111210,135,TWEET
135,계룡산의 깃대종 호반새를 아시나요? http://t.co/LqsGDlOh,20130219111531,136,TWEET
136,변산바람꽃이 피었네요~ 아직 활짝 피진 않았지만 봄의 기운이 느껴지시죠? ^-^ 변산바람꽃은 그 이름대로 변산반도 국립공원의 깃대종입니다! http://t.co/OWR66D4m,20130219154232,137,TWEET
137,계룡산의 깃대종 호반새를 아시나요? http://t.co/cgL1mkFAIV,20130221111529,138,TWEET
138,"대전시, 대표 동.식물 ‘6대 깃대종’ 선정 http://t.co/b1oSXwRqFP",20130225150304,139,TWEET
139,"‘깃대종’ 도대체 뭐길레? ... 대전시, 6종 뽑는다 http://t.co/brV3chyrSx",20130225202625,140,TWEET
140,"대전 대표 동·식물 ‘6대 깃대종’ 선정 - 이츠대전tv: 여러분 안녕하십니까, 이츠대전뉴습니다.특정지역의 생태계를 대표할 수 있는 야생 동물과 식물을 ‘깃대종’이라고 부르는데요. 대전을 대표하는 ... http://t.co/l2Ra6PLEi4",20130226092953,141,TWEET
141,전주의 젖줄 삼천이 환경부 깃대종 복원시범사업에 선정돼 천연기념물 반딧불이와 수달이 서식하는 생태하천으로 탈바꿈됩니다. 전주시는 280억을 들여 원당교~전주천 합류지점간 9.8km의 생태하천복원사업을 추진합니다.http://t.co/fyvLwOiTNJ,20130307151945,142,TWEET
142,전주 삼천천 생태하천 탈바꿈…깃대종(반딧불이)복원 중심: 【전주=뉴시스】유영수 기자 = 전주도심 삼천천이 생태하천으로 탈바꿈한다. 7일 전주시에 따르면 완산구 평화2동 원당교에서 서신동 전주천 합류점에 위치한 삼천에 대해 2015년까지 총...,20130307155608,143,TWEET
143,계룡산의 깃대종 호반새를 아시나요? http://bit.ly/Lw2RpS?,20130321111500,144,TWEET
144,주왕산의 깃대종인 둥근잎꿩의비름입니다. 빨갛게 핀 잎이 마치 장미꽃 같네요~ 주왕산에 오시면 한번 찾아보세요!! http://fb.me/296uciYaL?,20130331175700,145,TWEET
145,[응모기간 4.15~4.17] 수려한 자연경관과 다양한 생태계가 어우러진 왕피천유역 생태경관 보전지역의 중요성을 알리고자 깃대종을 두 종 선정하였는데. 무엇일까요? 정답과 함께 RT해주신 20분께 추첨하여 문화상품권을 드립니다.^^*,20130415085600,146,TWEET
146,"산양. 금강송!! ""@moe_daegu: [응모기간 4.15~4.17] 수려한 자연경관과 다양한 생태계가 어우러진 왕피천유역 생태경관 보전지역의 중요성을 알리고자 깃대종을 두 종 선정하였는데. 무엇일까요?",20130416104100,147,REPLY
147,[설악산 산양] 설악산국립공원의 깃대종 산양이 4월 28일 설악산 장수대 분소 뒤에 내려온 모습을 촬영하였습니다. 이렇게 분소 가까이 내려와서 먹이를 찾는 모습이 참 신기할 따름이네요^^... http://fb.me/2YTcUrZbk?,20130429163200,148,TWEET
148,"""녹색연합과 함께하는 대한민국 깃대종"" 두 번째 이야기, <산양들아, 잘 잤니?> 인쇄 중이에요!! 송이와 양이의 즐거운 만남, 기대해 주세요.. ^^ pic.twitter.com/VpcJ3ZnXp0",20130508132300,149,TWEET
149,"2013년 도랑살리기 행사 ○ 일시/장소 : 6. 3.(월) 15:00/ 죽산면 연포리 마포마을 도랑 ○ 참석 : 70명(환경단체, 주민 등) ○ 내용 : 창포 등 수생식물 식재, 수질정화용 숯, EM 흙공 투입, 깃대종(미꾸라지·우렁) 방류 ○환경과",20130602102000,150,TWEET
150,계룡산의 깃대종 호반새를 아시나요? http://bit.ly/Lw2RpS?,20130602111500,151,TWEET
151,동·식물의 보고(寶庫) 국립공원무등산의 깃대종은? http://bit.ly/16Ai4qE?,20130602135500,152,TWEET
152,[인터파크도서 북&] 대한민국 깃대종을 아시나요? 멸종 위기에 놓인 동물을 지켜야 하는 까닭 http://bit.ly/174GBEr?,20130613160700,153,TWEET
153,계룡산의 깃대종 호반새를 아시나요? http://bit.ly/Lw2RpS?,20130613171500,154,TWEET
154,"그 많던 점박이물범은 다 어디로 갔을까?: 인터파크도서 북&[칼럼 > 녹색연합과 함꼐하는 깃대종] 그 많던 점박이물범은 다 어디로 갔을까?보호 운동은 주로 산양, 맹꽁이, 점박이물범 같은 멸종위기 ... http://bit.ly/18AKf9x?",20130613175100,155,TWEET
155,하늘다람쥐 집은 누가 빼앗았을까?: 인터파크도서 북&[칼럼 > 녹색연합과 함께하는 깃대종] 하늘다람쥐 집은 누가 빼앗았을까?하늘다람쥐는 쉽게 만날 수 없는 야생동물입니다. 주로 밤에 활동하거든요. ... http://bit.ly/14vc50l?,20130627143800,156,TWEET
156,[나는 누구일까요 12탄 당첨자 발표] 나는 누구일까요 마지막 시리즈 12탄! 오늘의 정답은 귀여운 하늘다람쥐입니다.^-^ 웹툰 퀴즈는 끝났지만 앞으로도 국립공원의 깃대종 소식 많이... http://fb.me/2hrllAmRh?,20130629174800,157,TWEET
157,한려해상국립공원 깃대종 팔색조 보도자료 입니다. 국립공원자원활동가 장성래 선생님께서 많은 도움 주셨습니다. http://fb.me/21VWvDC2l?,20130712143800,158,TWEET
158,"수원의 초록세상 수원시 8대 깃대종 "" 애반닷불이"" 알고 계신가요 함 찾아 보세요^^^ 넘 귀여(?)워요....",20130715112900,159,TWEET
159,"[환경/건강]60돌을 맞은‘아주 특별한 땅’, DMZ를 만나다 - 세계적 멸종위기종 ‘두루미’를 DMZ 깃대종으로 선포 - http://j.mp/15Q7U24? [기사] http://twitpic.com/d3e4hw?",20130719101800,160,TWEET
160,DMZ 상징하는 깃대종에 '두루미' 선정http://www.eopennews.com/n_news/news/view.html?no=5910?…,20130720170200,161,TWEET
161,계룡산의 깃대종 호반새를 아시나요? http://bit.ly/Lw2RpS?,20130720171500,162,TWEET
162,"환경부는 비무장지대 형성 60주년을 맞아 19일 ""DMZ 60주년 생태환경대회""를 개최하면서 DMZ 상징 깃대종에 ""두루미""를 선정 http://bit.ly/1996RNX? pic.twitter.com/bxx8HREtbk",20130720171600,163,TWEET
163,[이우종의 올댓와인] (3) 나의 깃대종(種) 와인 http://www.fnnews.com/view?ra=Sent1001m_View&corp=fnnews&arcid=201308200100166090009498&cDateYear=2013&cDateMon,20130820123600,164,TWEET
164,"수원의 8대 깃대종 ""맹꽁이"" pic.twitter.com/5K2J2PkCjr",20130826080700,165,TWEET
165,"수원시 8대 깃대종 ""얼룩동사리"" pic.twitter.com/i7X75Dp9jd",20130925075600,166,TWEET
166,"대전시, 깃대종 후보생물 1차 18개종 선정 http://www.pressbyple.com/news/articleView.html?idxno=29843?…",20131006072000,167,TWEET
167,"[프레스바이플] 대전시, '깃대종' 후보생물 1차 18개종 선정 http://is.gd/uez6h9? #kor_news",20131006072500,168,TWEET
168,"대전시, 깃대종 후보생물 18종 선정 - 포유류 등 6개 분류군 18개종 ... 전문가 의견수렴 - 대전시가 자연환경조사 연구용역 조사자료를 바탕으로 생태적 가치, 지역 특성 등을 감안해 ‘6개 분류군... http://fb.me/23EZMIXLt?",20131006133400,169,TWEET
169,대전시 깃대종 후보생물 18종 선정 http://www.bzeronews.com/news/articleView.html?idxno=65501?…,20131006214800,170,TWEET
170,"통영거제환경운동연합, 26일 수달·팔색조 표현 깃대종 그리기 공모전 http://geojesarang.net/all/news_view.html?pid=6734?…",20131016134800,171,TWEET
171,"수원의 8대 깃대종입니다 칠보치마, 백로, 애반딧불이, 수원청개구리, 맹꽁이, 얼룩동사리, 수원땅거미, 곤줄박이 입니다. pic.twitter.com/pTQdtdz0fU",20131030093200,172,TWEET
172,깃대종 선정 및 보전&#8228;활용 방안 설명회 개최 http://www.bzeronews.com/news/articleView.html?idxno=70478?…,20131126145700,173,TWEET
173,계룡산의 깃대종 호반새를 아시나요? http://bit.ly/Lw2RpS?,20131126151500,174,TWEET
174,"대전시, 깃대종 선정 및 보전·활용 방안 설명회 개최: [대전타임뉴스=홍대인 기자] 대전시는 지난 25일에 구)충남도청 대회의실에서 100여명의 시민들이 참석한 가운데 “대전시 깃대종 선정 및 보전... http://bit.ly/1iNXUwo?",20131126182700,175,TWEET
175,"대전시, 깃대종 선정 및 보전·활용 방안 설명회 개최 http://dlvr.it/4NzM8s?",20131126182700,176,TWEET
176,"대전시, 깃대종 선정 및 보전·활용 방안 설명회 개최 http://dlvr.it/4Nzkdx?",20131126184700,177,TWEET
177,"대전시, 깃대종 선정 및 보전·활용 방안 설명회 개최 http://dlvr.it/4Nzkg0?",20131126184700,178,TWEET
178,"무등산 대표 뽑았다. 무등산국립공원을 대표하는 깃대종/식물은 ""털조장나무"" 동물은 ""수달"" http://www.jnilbo.com/read.php3?aid=1386255600431555001?…",20131206090700,179,TWEET
179,"깃대종이란 지역의 생태계를 대표하는 특징적인 생물을 말하는데요, 대전시에서는 대전의 깃대종을 선정하는 설문조사를 진행중입니다. 여러분이 생각하는 대전의 깃대종은 어떤건가요? 설문참여 ☞http://j.mp/1f0W9ZQ?",20131209153300,180,TWEET
180,"대전시 깃대종 선정 시민 설문조사 진행중입니다. 하늘다람쥐, 수달, 맹꽁이, 이끼도롱뇽, 감돌고기, 미호종개, 쌍꼬리부전나비, 사슴풍뎅이 중 한 종만 선택. 기간은 12월18일까지. 많은 참여 부탁드립니다~ http://bit.ly/JpkQEK?",20131216094400,181,TWEET
181,덕유산 깃대종 구상나무 (2014. 1. 13) http://blog.naver.com/skyhighdim/30183191363?…,20140114092600,182,TWEET
182,"봄이 고개를 내미는 날, 오늘은 입춘입니다 ^-^ 전국 대부분이 춥다고 하지만 변산반도엔 깃대종 변산바람꽃이 수줍게 모습을 드러냈네요~!! 입춘대길 건양다경!! 좋은 일만 가득 하세요~ http://fb.me/1W1VXsH3D?",20140203211400,183,TWEET
183,‘대전시 깃대종 3종’확정 http://www.bzeronews.com/news/articleView.html?idxno=77923?…,20140211004400,184,TWEET
184,"대전시, 깃대종 3종 확정 http://dlvr.it/4vRlGc?",20140211173200,185,TWEET
185,"대전시, 깃대종 3종 확정 http://dlvr.it/4vRm0T?",20140211173300,186,TWEET
186,"대전시, 지역대표 깃대종 3종 선정: 대전지역 생태계를 대표하는 깃대종이 최종 확정됐다.11일 시에 따르면 깃대종으로 ‘하늘다람쥐(산)’, ‘이끼 도룡뇽(계곡)’, ‘감돌고기(하천)’ 등 3종을... http://bit.ly/1iKjamn?",20140211194300,187,TWEET
187,대전 깃대종으로 확정된 이끼도롱뇽 http://durl.me/6m8ue5?,20140211212800,188,TWEET
188,‘대전시 깃대종 3종’ 확정…시민공론화 거쳐 http://bit.ly/MJyFQ2?,20140211213900,189,TWEET
189,‘대전시 깃대종 3종’ 확정…시민공론화 거쳐 http://goo.gl/RJqgIC?,20140211214300,190,TWEET
190,‘대전시 깃대종 3종’ 확정…시민공론화 거쳐 http://bit.ly/MJyFQ2?,20140211215700,191,TWEET
191,대전시 깃대종 3종 선정 http://ift.tt/1eQGvSE?,20140211225100,192,TWEET
192,[오마이뉴스 알림] 장재완 님의 기사가 정식기사로 채택됐습니다. <대전시 이끼도룡뇽 등 깃대종 3종 확정> http://omn.kr/6qmn?,20140211230000,193,TWEET
193,[오마이] 대전시 이끼도룡뇽 등 깃대종 3종 확정 http://goo.gl/XV5ixX? #kor_news,20140211231300,194,TWEET
194,"하늘다람쥐-이끼도룡뇽-감돌고기, 대전의 깃대종 선정 http://hanbatnews.com/n_news/news/view.html?no=4078?…",20140213233800,195,TWEET
195,@birdchoistory 오색딱따구리군요~ 북한산국립공원 깃대종이래요~^^,20140322131200,196,REPLY
196,녹색연합과 함께하는 대한민국 깃대종 시리즈 http://blog.naver.com/dolphinbook/110187830263?…,20140326095500,197,TWEET
197,"2월 말부터 눈에 물이 오르던 지리산국립공원의 깃대종 '히어리'(Corylopsis gotoana var. coreana , 조록나무과)가 3월 초 꽃망울을 터뜨렸다는 소식을 전해드렸는데요, 3주가 지난... http://fb.me/1lht8zpmG?",20140329101000,198,TWEET
198,무등산 깃대종 털조장나무꽃 http://blog.naver.com/jongsulim/110188553980?…,20140407211200,199,TWEET
199,"저어새, 갯벌건강 깃대종 http://blog.naver.com/kilukas0000/220003414335?…",20140518201900,200,TWEET
200,수원의 서쪽에 위치하고 있는 칠보산은 수원시 8대 깃대종을 포함한 다양한 생물종이 서식하고 있는 생태적으로 매우 가치있는 지역이라고 합니다,20140620155900,201,TWEET
201,"[왕피천 알고싶데이 퀴즈이벤트] -(응모기간 6.23~25) 왕피천유역 생태경관보전지역의 생태, 지리적 특성을 반영하는 상징성을 가진 동식물을 깃대종으로 선정하였다. 이 깃대종은 무엇일까요? (당첨자에게는 소정의 상품을 보내드립니다.)",20140623133700,202,TWEET
202,@moe_daegu 기사를 찾아봤는데 2011년에 선정된 산양과 금강송이네요:) 깃대종 선정을 통해 많은 시민들의 인식과 환경실천을 선도할 수 있을 것 같아서 좋네요! pic.twitter.com/admITVUOMC,20140623135000,203,REPLY
203,[오마이뉴스] 대전시 깃대종 선정해 놓고... 이끼도롱뇽 서식처 훼손 http://bit.ly/1jbz9bw? #오마이뉴스,20140624182300,204,TWEET
204,[http://danawa.us?] 대전시 깃대종 선정해 놓고... 이끼도롱뇽 서식처 훼손 http://bit.ly/1jbzaMF? [오마이뉴스],20140624182300,205,TWEET
205,대전 깃대종 서식처 구청이 훼손... 장태산 일대 사방댐 공사·정비로 이끼도롱뇽 서식처 200m 파헤쳐...대전대표 생태계 보전방안 시급... http://fb.me/32lA7AaOU?,20140624221400,206,TWEET
206,"대전시 깃대종 선정해 놓고... 이끼도롱뇽 서식처 훼손 http://ln.is/www.ohmynews.com/NWS/ZrWx6?… 서구청 사방댐 공사로 서식처 훼손... 대전시 ""보전계획 세우겠다""",20140625071900,207,TWEET
207,"국내 최초 발견 장태산 이끼도롱뇽 서식지 훼손 심각 시민단체, “서식처 훼손 사과하고 깃대종 보전대책 마련하라” [신아일보=대전/김기룡 기자] 대전시 서구청이 서구 장안동 장태산 일대 골짜기에서... http://fb.me/38nuwahtW?",20140625113800,208,TWEET
208,계룡산국립공원 깃대종 이끼도롱뇽 안정적 서식 http://bit.ly/1lY75xc?,20140704094800,209,TWEET
209,[조선일보] 계룡산국립공원 깃대종 이끼도롱뇽 안정적 서식 http://bit.ly/1lY75xe? #조선일보,20140704094800,210,TWEET
210,계룡산국립공원 깃대종 이끼도롱뇽 안정적 서식: 이끼도롱뇽계룡산국립공원사무소(소장 정석원)는 최근 계룡산의 깃대종인 호반새와 이끼도롱뇽에 대한 모니터링을 실시한 결과 안정적인... http://bit.ly/1lY75xc? #조선일보,20140704094800,211,TWEET
211,계룡산국립공원 깃대종 이끼도롱뇽 안정적 서식: 이끼도롱뇽계룡산국립공원사무소(소장 정석원)는 최근 계룡산의 깃대종인 호반새와 이끼도롱뇽에 대한 모니터링을 실시한 결과 안정적인... http://bit.ly/1lY75xc? 조선일보,20140705193000,212,TWEET
212,"월출산국립공원, '깃대종' 선호도조사 실시 http://www.hktimes.kr/read.php3?aid=140679089154968005?…",20140731161700,213,TWEET
213,수원청개구리라고 아세요? 동물이름에 수원이 붙어 있다니 신기하죠? 2012년 환경부로부터 1급 멸종위기종으로 지정된 수원청개구리가 평동에서 발견됐어요. 수원의 깃대종인 수원청개구리 보전을 위해 노력할게요. pic.twitter.com/8xRJuIWry,20140805161600,214,TWEET
214,"[제12차 생물다양성협약 당사국총회] D-52 무등산에서 수달이 발견됐습니다! 무등산 깃대종*으로 선정된 수달은 천연기념물 제330호이자 1급 멸종위기 야생동물로, 하천생태계의 최상위 포식자로 불립니다. pic.twitter.com/ddICIIU9HD",20140808151900,215,TWEET
215,로또 1등명당 3개월동안 1등 12번 당첨 기록! http://me2.do/GB9QzaZH? 1등무료번호받기 == 속리산 '깃대종' 하늘다람쥐담비 모습 촬영 성공 너희는 재판할 때에 불,20141013125800,216,TWEET
216,속리산의 깃대종인 하늘다람쥐와 담비의 활동 모습이 속리산사무소가 설치한 무인센서 카메라에 포착됐습니다. http://bit.ly/1szEoeo? pic.twitter.com/SQiKTNrOBj,20141013215500,217,TWEET
217,[포토] 속리산에 나타난 하늘다람쥐와 담비: 충북 속리산 깃대종인 하늘다람쥐(사진 위)와 담비의 활동 장면이 속리산사무소가 설치한 무인 센서 카메라에 잡혔다. 깃대종은 특정 지역의 생태계를 대표할… http://dlvr.it/7BbMCS? #한겨레,20141013233400,218,TWEET
218,"속리산 하늘다람쥐 서식, 멸종위기 야생동물 2급 '깃대종'… 담비 4마리도 포착 http://bit.ly/1DdYBsd?",20141016110300,219,TWEET
219,"월출산국립공원 깃대종, ‘남생이’로 변경 선정 / http://www.jnnews.co.kr/news/view.php?idx=131842&mcode=msub1?…",20141018172100,220,TWEET
220,"월출산국립공원, 깃대종 '남생이'로 변경 선정 http://www.hktimes.kr/read.php3?aid=141369040658288005?…",20141019124900,221,TWEET
221,"남생이, 월출산국립공원 깃대종으로 변경 선정 인터넷 여행신문사 모모뉴스 http://www.momonews.com/sub_read.html?uid=40890?…",20141020175900,222,TWEET
222,"""대전 깃대종 아시나요?"" 녹색연합 가이드북 내놔 http://fb.me/1J0aEWjam?",20141119132300,223,TWEET
223,계룡산의 깃대종 호반새를 아시나요? http://bit.ly/Lw2RpS?,20141119141500,224,TWEET
224,"[오마이뉴스 알림] 장재완 님의 기사가 정식기사로 채택됐습니다. <대전충남녹색연합, 대전 깃대종 가이드북 발간> http://omn.kr/aum9?",20141119161500,225,TWEET
225,<녹색연합과 함께하는 대한민국 깃대종> 시리즈 완간! http://blog.naver.com/dolphinbook/220234551576?…,20150109095400,226,TWEET
226,자연의 깃대종 재두루미 http://blog.naver.com/mannamdaehwa/220242029879?…,20150116115300,227,TWEET
227,“어느 지역의 대표가 되는 동식물의 종種”을 일컫는 ‘깃대종’은 영어 ‘flagship species’를 번역한 듯하다. 그냥 ‘대표종’으로 하면 어땠을까? http://stdweb2.korean.go.kr/search/View.jsp?idx=5456,20150124105900,228,TWEET
228,### 국립공원 깃대종을 아시나요? 깃대종은 대부분 멸종위기 보호 동.식물이 지정되어 있기 때문에 발견하기도 쉽지 않은데요~ 국립공원 파워블로거 들꽃향기님이 사진으로 담은 몇명 희귀식물 깃대종들을 자세하게 설명해 주셨습니다 ^-^,20150303101100,229,TWEET
229,[아침산책] 깃대종 생각하기 http://fb.me/78HBnyiBe?,20150303103700,230,TWEET
230,“내장산의 신비로움” 내장산에는 보호해야할 깃대종이 있다고 합니다. 생태계의 여러 종 가운데 사람들이 중요하다고 인식하고 있는 종이다라고 합니다. [출처 : 내장산국립공원] pic.twitter.com/Wr0PtU0yJV,20150306105000,231,TWEET
231,인간도 언젠가는 깃대종이 되겠지,20150320192300,232,TWEET
232,"[짚고 넘어가는 10초] 깃대종 #깃대종 에 대해 간략히 알아봅니다. 뉴스가 넘쳐나는 세상, 환경이슈도 넘쳐나지요. 종종 익숙하지 않은 환경용어들이 이해를 강요합니다. '짚고 넘어가는 10초'에서는... http://fb.me/6o5rqCqtT?",20150331114800,233,TWEET
233,무등산국립공원 깃대종 '털조장나무' 활짝 http://bit.ly/19JDft9?,20150402170100,234,TWEET
234,[뉴스zum] [카메라뉴스] 속리산 깃대종 하늘다람쥐의 재롱 http://news.zum.com/sns/article?id=0032015040721042365&cm=twitter&tm=1428377049130?…,20150407122400,235,TWEET
235,속리산 하늘다람쥐의 앙증맞은 모습: 속리산 깃대종(한 지역의 생태계를 특징적으로 나타내는 동·식물)인 하늘다람쥐 모습이 카메라에 잡혔다. 7일 국립공원관리공단 속리산사무소는 동물 자원 조사를 위해… http://dlvr.it/9HBGCH? #한겨레,20150407123900,236,TWEET
236,<카메라뉴스> 속리산 깃대종 하늘다람쥐의 재롱 http://me2.do/xwSHhU6Y? 출처 : 연합뉴스 | 네이버 뉴스,20150407125000,237,TWEET
237,속리산 깃대종 하늘다람쥐의 재롱 http://me2.do/xwSHhU6Y? 속리산에도 사네 pic.twitter.com/QubbSEDf0N,20150407133400,238,TWEET
238,"대구지방환경청, 경산 운문산 깃대종 복원 행사 wngo http://www.wngo.kr/sub_read.html?uid=71955?…",20150428113200,239,TWEET
239,"[왕피천 SNS 환경퀴즈 이벤트](응모기간 5.19~5.22) [문제] 왕피천유역 생태·경관 보전지역의 깃대종은 무엇일까요? 1.수달, 참매 2.산양, 수달 3. 참매, 금강송, 4.산양, 금강송 (당첨자에게는 소정의 상품을 보내드립니다)",20150519172300,240,TWEET
240,@moe_daegu 정답은 4번 산양 금강송 입니다^^ #왕피천유역생태경관보존지역 #깃대종,20150520134800,241,REPLY
241,가야산 깃대종이 삵이라고! pic.twitter.com/I3PyaAgVxD,20150523164800,242,TWEET
242,"소백산국립공원 당국의 ""깃대종 변경""에 관한 현수막. pic.twitter.com/owRXWg0mbl",20150525192700,243,TWEET
243,"@lodoc1 flagsip 이란 영어는 어쩌다 생긴 오타로 볼 수 있겠지만, ""flagship species = 깃대종?"" 상당히 어색하다.",20150525193000,244,REPLY
244,안녕하세요 설악산국립공원사무소 입니다. 설악산 대청봉 일원 눈잣나무 군락지 꽃이 만개했습니다~ 설악산의 깃대종인 눈잣나무!!! 우리가 가꾸고 보호해야할 아름다운 자원입니다~~^^,20150605091500,245,TWEET
245,안녕하세요.~주왕산국립공원사무소입니다. 오늘은 특정관찰식물원의 솔부엉이를 소개 해드릴께요.~ 주왕산의 깃대종은 솔부엉이라는 거 모두가 잘 아시죠ㅎㅎ 하지만 솔부엉이 요놈 쉽게 얼굴을 보여주지... http://fb.me/t9F5nZKn?,20150712004838,246,TWEET
246,"소백산국립공원, 새로운 깃대종 선정 / 참갈겨니에서 여우로 변경: [DBS 동아방송 = 최혜정 ( 경북 ) 기자 ] 소백산국립공원사무소는 7월 1일부터 소백산 깃대종 2종 중.. http://blog.daum.net/smile56789/11302001",20150713132027,247,TWEET
247,"소백산국립공원, 새로운 깃대종 선정 / 참갈겨니에서 여우로 변경 http://blog.naver.com/smile01145/220418641209?…",20150713132811,248,TWEET
248,"계룡산 깃대종## 갑사계곡주변에서 만난 계룡산의 깃대종 ""호반새""입니다. 깃대종*이란, 생태계의 여러 종 가운데 사람들이 중요하다고 인식하고 있는 종으로 그 중요성으로 인해 보호할 필요가 있다고 생각하는... http://fb.me/7rSOaHsls?",20150725104948,249,TWEET
249,"""야탑천유지용수 확보사업"" 생태하천복원사업 심의 진행중입니다 올해도 갈수기인 1,3,5,6월에 물이 흐르지 못했는데 앞으로는 야탑천 깃대종인 버들치를 볼수있는날이 곧 오겠네요#성남시 하천관리과 pic.twitter.com/vUAiOh4Nv9",20150805153404,250,TWEET
250,"금오산 깃대종인 세뿔투구꽃, 금오산에서 처음 발견되어 금오오돌또기라는 이명으로도 불립니다 pic.twitter.com/ECCWOggiAP",20150929163109,251,TWEET
251,"주왕산 깃대종 솔부엉이, 5년만에 서식 확인 http://news.naver.com/main/read.nhn?mode=LSD&mid=shm&sid1=102&oid=469&aid=0000096358?…",20151013184614,252,TWEET
252,"주왕산 깃대종 솔부엉이, 5년만에 서식 확인 (출처 : 한국일보 | 네이버 뉴스) http://me2.do/Fm8lAR2z?",20151013184923,253,TWEET
253,"주왕산 깃대종 솔부엉이, 5년만에 서식 확인 http://me2.do/5TIzmYR6?",20151013190540,254,TWEET
254,깃대종 솔부엉이 pic.twitter.com/gCdk9pDcAc,20151013192027,255,TWEET
255,"주왕산 깃대종 솔부엉이, 5년만에 서식 확인 http://news.naver.com/main/read.nhn?mode=LSD&mid=shm&sid1=102&oid=469&aid=0000096358?…",20151013194516,256,TWEET
256,"#설악산 #케이블카 파괴 엘리베이터 NO! http://m.bulkyo21.com/news/articleView.html?idxno=30111?… pic.twitter.com/Gpdg85ltwD 법응스님, '설악산 국립공원 케이블카 NO! 山’ 글귀와",20151023235827,257,TWEET
257,야생화 된 들고양이가 대전의 깃대종을 사냥하는 게 포착되면서 생태계 교란 우려가 커지고 있습니다.[기사보기] http://joongdo.kr/s?795783? #들고양이 #생태계 #포식자 #깃대종 pic.twitter.com/eMWKZcZWSN,20151104114352,258,TWEET
258,[왕피천 SNS 환경퀴즈 이벤트](응모기간 11.25~11.30) [문제] 다음중 왕피천유역 생태·경관 보전지역의 깃대종은? 1. 산양 2. 수달 3. 참매 4.반달가슴곰 (당첨자에게는 소정의 상품을 보내드립니다),20151125115201,259,TWEET
259,대전의 깃대종을 아시나요? 깃대종은 생태·지리·문화·사회적으로 그 지역을 대표 할 수 있는 동·식물을 말합니다. 그리고 사람들이 중요하다고 인정해 보호할 가치가 있다고 인식되는 종을 깃대종이라고... http://fb.me/7EcEu7L5f?,20160106094122,260,TWEET
260,"변산반도국립공원에도 봄이 왔어요! 직소폭포를 오르기 전에 들러볼 수 있는 멸종위기식물원에는 멸종위기야생동식물 2급인 미선나무와 변산반도국립공원 깃대종인 변산바람꽃, 봄의 전령사 복수초도 볼 수 있답니다.. 내변산으로 봄꽃 나들이 어떠세요?^^*",20160304132747,261,TWEET
261,지리산국립공원 깃대종 히어리가 피었네요^.^!! 하동에서 전해온 소식입니다☆ #지리산 #봄꽃 #히어리 http://fb.me/7eYWFS1BD?,20160309121434,262,TWEET
262,지리산국립공원 깃대종 히어리 개화 ! - HKBC환경방송 http://www.hkbc.kr/news/articleView.html?idxno=18517?…,20160328111407,263,TWEET
263,"[이벤트 당첨자 발표] 정답: 깃대종 영화 재밌게 보세요~ <("") Sujin Jo / 곽선영 / 김광룡 / 지영하 ---------------------------------------- *... http://fb.me/4EiyL5OA1?",20160427180002,264,TWEET
264,"맑고 화창한 5월 5일 어린이날, 속리산국립공원에서 어린이날 행사를 했습니다. 속리산 깃대종 하늘다람쥐와 사진도 찍고 기마순찰대 말도 만나 즐거운 시간을 가졌습니다. 우리의 미래, 자연과 어린이! 소중하게 지켜주세요~",20160506164208,265,TWEET
265,우점종은 자주 봐왔는데 깃대종은 처음봤네. 깃대종이라는 것도 있어?,20160513161137,266,TWEET
266,"대전시, 깃대종 지키기 추진 http://www.bzeronews.com/news/articleView.html?idxno=195620?…pic.twitter.com/oLETK1UOzX",20160908121202,267,TWEET
267,"대전시, 자연생태환경 조성을 위한 깃대종 지키기 추진 http://www.dailycc.net/news/articleView.html?idxno=319178?… #대전시 #자연생태환경조성 #깃대종지키기추진",20160908184432,268,TWEET
268,"대전시, 건강한 자연생태환경 조성을 위한 깃대종 지키기 추진 http://www.timenews.co.kr/1076986?pic.twitter.com/x6YmcEiVCy",20160908204213,269,TWEET
269,"대전시, 건강한 자연생태환경 조성을 위한 깃대종 지키기 추진 http://bit.ly/2c7UabN?",20160908205816,270,TWEET
270,"대전시, 건강한 자연생태환경 조성을 위한 깃대종 지키기 추진: [대전=홍대인 기자] 대전광역시(시장 권선택)는 대전시 깃대종인 하늘다람쥐, 이끼도롱뇽, 감돌고기 3종의 정밀 분포와 생태적 특성을 ... http://bit.ly/2c7UabN?",20160909003322,271,TWEET
271,권선택 대전시장 &quot;대전의 생태계 건강…깃대종 3종 보전.복원&quot; 로컬투데이 http://www.localtoday.co.kr/sub_read.html?uid=97422?…,20160909040144,272,TWEET
272,국립공원이라면 지금 뭐하는 곳인가? 해상국립공원 깃대종으로 지정하고 홍보하고 우려 먹을 만큼 우려 먹었으면 6년 사이에 이렇게 죽을 수 없을텐데 말이다. http://fb.me/Ql5WF9XO?,20160919190826,273,TWEET
273,[대전의 자연]대전의 깃대종 삼형제를 아세요?http://daejeonstory.com/7559?,20160920152752,274,TWEET
274,"대전 대표 #깃대종 을 아시나요? 깃대종이란 특정 지역의 생태, 지리, 문화, 사회적 특성을 반영하는 동식물을 일걷는 말인데요.. 대전에도 세 개 종이 있어요~ 바로 #하늘다람쥐, #이끼도룡뇽, #감돌고기 입니다~ ^^*",20161128095503,275,TWEET
275,#대전학개론 재미로 알아보는 대전상식 퀴즈 2 대전을 상징하는 깃대종 삼형제의 이름은 무엇일까요? 힌트는 요기 https://goo.gl/tPzPNy? #넘나_귀여우니_심쿵주의,20170201083006,276,TWEET
276,『한국환경보고서』에서 다룬 문제들은 그 하나하나가 우리 사회의 건강함과 풍요로운 지속 가능성의 깃대종 역할을 합니다. ? 『그린 챌린지: 한국환경보고서 2017』 재출간 프로젝트 https://t.co/nlxTfAaUDu,20170407140404,277,TWEET
277,『한국환경보고서』에서 다룬 문제들은 그 하나하나가 우리 사회의 건강함과 풍요로운 지속 가능성의 깃대종 역할을 합니다. ? 『그린 챌린지: 한국환경보고서 2017』 재출간 프로젝트 https://t.co/lqbnseXGw4,20170407144404,278,TWEET
278,『한국환경보고서』에서 다룬 문제들은 그 하나하나가 우리 사회의 건강함과 풍요로운 지속 가능성의 깃대종 역할을 합니다. ? 『그린 챌린지: 한국환경보고서 2017』 재출간 프로젝트 https://t.co/JCQQN15tB9,20170407160409,279,TWEET
279,『한국환경보고서』에서 다룬 문제들은 그 하나하나가 우리 사회의 건강함과 풍요로운 지속 가능성의 깃대종 역할을 합니다. ? 『그린 챌린지: 한국환경보고서 2017』 재출간 프로젝트 https://t.co/mzyd4cgKx7,20170407164409,280,TWEET
280,『한국환경보고서』에서 다룬 문제들은 그 하나하나가 우리 사회의 건강함과 풍요로운 지속 가능성의 깃대종 역할을 합니다. ? 『그린 챌린지: 한국환경보고서 2017』 재출간 프로젝트 https://t.co/ctsRWswjv7,20170407172405,281,TWEET
281,『한국환경보고서』에서 다룬 문제들은 그 하나하나가 우리 사회의 건강함과 풍요로운 지속 가능성의 깃대종 역할을 합니다. ? 『그린 챌린지: 한국환경보고서 2017』 재출간 프로젝트 https://t.co/4o5F7m61Xw,20170407184404,282,TWEET
282,『한국환경보고서』에서 다룬 문제들은 그 하나하나가 우리 사회의 건강함과 풍요로운 지속 가능성의 깃대종 역할을 합니다. ? 『그린 챌린지: 한국환경보고서 2017』 재출간 프로젝트 https://t.co/ATtxhOZSSs,20170407220410,283,TWEET
283,『한국환경보고서』에서 다룬 문제들은 그 하나하나가 우리 사회의 건강함과 풍요로운 지속 가능성의 깃대종 역할을 합니다. ? 『그린 챌린지: 한국환경보고서 2017』 재출간 프로젝트 https://t.co/LE3dmkgYI7,20170407232406,284,TWEET
284,『한국환경보고서』에서 다룬 문제들은 그 하나하나가 우리 사회의 건강함과 풍요로운 지속 가능성의 깃대종 역할을 합니다. ? 『그린 챌린지: 한국환경보고서 2017』 재출간 프로젝트 https://t.co/LJ2Fv8sDde,20170408012406,285,TWEET
285,『한국환경보고서』에서 다룬 문제들은 그 하나하나가 우리 사회의 건강함과 풍요로운 지속 가능성의 깃대종 역할을 합니다. ? 『그린 챌린지: 한국환경보고서 2017』 재출간 프로젝트 https://t.co/SrLa6TH32M,20170408080409,286,TWEET
286,『한국환경보고서』에서 다룬 문제들은 그 하나하나가 우리 사회의 건강함과 풍요로운 지속 가능성의 깃대종 역할을 합니다. ? 『그린 챌린지: 한국환경보고서 2017』 재출간 프로젝트 https://t.co/gFMV4uqn9O,20170408100404,287,TWEET
287,『한국환경보고서』에서 다룬 문제들은 그 하나하나가 우리 사회의 건강함과 풍요로운 지속 가능성의 깃대종 역할을 합니다. ? 『그린 챌린지: 한국환경보고서 2017』 재출간 프로젝트 https://t.co/pE3Kiu1dhz,20170408104404,288,TWEET
288,『한국환경보고서』에서 다룬 문제들은 그 하나하나가 우리 사회의 건강함과 풍요로운 지속 가능성의 깃대종 역할을 합니다. ? 『그린 챌린지: 한국환경보고서 2017』 재출간 프로젝트 https://t.co/UDqPSHkfik,20170408152408,289,TWEET
289,『한국환경보고서』에서 다룬 문제들은 그 하나하나가 우리 사회의 건강함과 풍요로운 지속 가능성의 깃대종 역할을 합니다. ? 『그린 챌린지: 한국환경보고서 2017』 재출간 프로젝트 https://t.co/56BRULLWRg,20170409012409,290,TWEET
290,『한국환경보고서』에서 다룬 문제들은 그 하나하나가 우리 사회의 건강함과 풍요로운 지속 가능성의 깃대종 역할을 합니다. ? 『그린 챌린지: 한국환경보고서 2017』 재출간 프로젝트 https://t.co/jt33gVLJ5U,20170409024406,291,TWEET
291,『한국환경보고서』에서 다룬 문제들은 그 하나하나가 우리 사회의 건강함과 풍요로운 지속 가능성의 깃대종 역할을 합니다. ? 『그린 챌린지: 한국환경보고서 2017』 재출간 프로젝트 https://t.co/hDwgA8U2uv,20170409072405,292,TWEET
292,『한국환경보고서』에서 다룬 문제들은 그 하나하나가 우리 사회의 건강함과 풍요로운 지속 가능성의 깃대종 역할을 합니다. ? 『그린 챌린지: 한국환경보고서 2017』 재출간 프로젝트 https://t.co/TD6yaBLA7o,20170409104403,293,TWEET
293,『한국환경보고서』에서 다룬 문제들은 그 하나하나가 우리 사회의 건강함과 풍요로운 지속 가능성의 깃대종 역할을 합니다. ? 『그린 챌린지: 한국환경보고서 2017』 재출간 프로젝트 https://t.co/GfwgUuRqN8,20170409132407,294,TWEET
294,『한국환경보고서』에서 다룬 문제들은 그 하나하나가 우리 사회의 건강함과 풍요로운 지속 가능성의 깃대종 역할을 합니다. ? 『그린 챌린지: 한국환경보고서 2017』 재출간 프로젝트 https://t.co/4MtGPkPGEi,20170409164404,295,TWEET
295,『한국환경보고서』에서 다룬 문제들은 그 하나하나가 우리 사회의 건강함과 풍요로운 지속 가능성의 깃대종 역할을 합니다. ? 『그린 챌린지: 한국환경보고서 2017』 재출간 프로젝트 https://t.co/foJ6xQeSZK,20170409180405,296,TWEET
296,『한국환경보고서』에서 다룬 문제들은 그 하나하나가 우리 사회의 건강함과 풍요로운 지속 가능성의 깃대종 역할을 합니다. ? 『그린 챌린지: 한국환경보고서 2017』 재출간 프로젝트 https://t.co/SBQ8Y4pyVF,20170409192408,297,TWEET
297,『한국환경보고서』에서 다룬 문제들은 그 하나하나가 우리 사회의 건강함과 풍요로운 지속 가능성의 깃대종 역할을 합니다. ? 『그린 챌린지: 한국환경보고서 2017』 재출간 프로젝트 https://t.co/m7jJFOAOya,20170409232408,298,TWEET
298,『한국환경보고서』에서 다룬 문제들은 그 하나하나가 우리 사회의 건강함과 풍요로운 지속 가능성의 깃대종 역할을 합니다. ? 『그린 챌린지: 한국환경보고서 2017』 재출간 프로젝트 https://t.co/DlhnrOkOXR,20170410060408,299,TWEET
299,『한국환경보고서』에서 다룬 문제들은 그 하나하나가 우리 사회의 건강함과 풍요로운 지속 가능성의 깃대종 역할을 합니다. ? 『그린 챌린지: 한국환경보고서 2017』 재출간 프로젝트 https://t.co/SpiNIkrTTY,20170410072411,300,TWEET
300,『한국환경보고서』에서 다룬 문제들은 그 하나하나가 우리 사회의 건강함과 풍요로운 지속 가능성의 깃대종 역할을 합니다. ? 『그린 챌린지: 한국환경보고서 2017』 재출간 프로젝트 https://t.co/sx8BxEW0mL,20170410080402,301,TWEET
301,『한국환경보고서』에서 다룬 문제들은 그 하나하나가 우리 사회의 건강함과 풍요로운 지속 가능성의 깃대종 역할을 합니다. ? 『그린 챌린지: 한국환경보고서 2017』 재출간 프로젝트 https://t.co/g250KYtXCs,20170410084403,302,TWEET
302,『한국환경보고서』에서 다룬 문제들은 그 하나하나가 우리 사회의 건강함과 풍요로운 지속 가능성의 깃대종 역할을 합니다. ? 『그린 챌린지: 한국환경보고서 2017』 재출간 프로젝트 https://t.co/ZTUa86WwdK,20170410092406,303,TWEET
303,『한국환경보고서』에서 다룬 문제들은 그 하나하나가 우리 사회의 건강함과 풍요로운 지속 가능성의 깃대종 역할을 합니다. ? 『그린 챌린지: 한국환경보고서 2017』 재출간 프로젝트 https://t.co/yGGVnZHPG9,20170410100403,304,TWEET
304,『한국환경보고서』에서 다룬 문제들은 그 하나하나가 우리 사회의 건강함과 풍요로운 지속 가능성의 깃대종 역할을 합니다. ? 『그린 챌린지: 한국환경보고서 2017』 재출간 프로젝트 https://t.co/nlxTfAaUDu,20170410152407,305,TWEET
305,『한국환경보고서』에서 다룬 문제들은 그 하나하나가 우리 사회의 건강함과 풍요로운 지속 가능성의 깃대종 역할을 합니다. ? 『그린 챌린지: 한국환경보고서 2017』 재출간 프로젝트 https://t.co/lqbnseXGw4,20170410160403,306,TWEET
306,『한국환경보고서』에서 다룬 문제들은 그 하나하나가 우리 사회의 건강함과 풍요로운 지속 가능성의 깃대종 역할을 합니다. ? 『그린 챌린지: 한국환경보고서 2017』 재출간 프로젝트 https://t.co/JCQQN15tB9,20170410172406,307,TWEET
307,『한국환경보고서』에서 다룬 문제들은 그 하나하나가 우리 사회의 건강함과 풍요로운 지속 가능성의 깃대종 역할을 합니다. ? 『그린 챌린지: 한국환경보고서 2017』 재출간 프로젝트 https://t.co/mzyd4cgKx7,20170410180409,308,TWEET
308,『한국환경보고서』에서 다룬 문제들은 그 하나하나가 우리 사회의 건강함과 풍요로운 지속 가능성의 깃대종 역할을 합니다. ? 『그린 챌린지: 한국환경보고서 2017』 재출간 프로젝트 https://t.co/ctsRWswjv7,20170410184405,309,TWEET
309,『한국환경보고서』에서 다룬 문제들은 그 하나하나가 우리 사회의 건강함과 풍요로운 지속 가능성의 깃대종 역할을 합니다. ? 『그린 챌린지: 한국환경보고서 2017』 재출간 프로젝트 https://t.co/4o5F7m61Xw,20170410200404,310,TWEET
310,『한국환경보고서』에서 다룬 문제들은 그 하나하나가 우리 사회의 건강함과 풍요로운 지속 가능성의 깃대종 역할을 합니다. ? 『그린 챌린지: 한국환경보고서 2017』 재출간 프로젝트 https://t.co/ATtxhOZSSs,20170410232407,311,TWEET
311,『한국환경보고서』에서 다룬 문제들은 그 하나하나가 우리 사회의 건강함과 풍요로운 지속 가능성의 깃대종 역할을 합니다. ? 『그린 챌린지: 한국환경보고서 2017』 재출간 프로젝트 https://t.co/LE3dmkgYI7,20170411004410,312,TWEET
312,『한국환경보고서』에서 다룬 문제들은 그 하나하나가 우리 사회의 건강함과 풍요로운 지속 가능성의 깃대종 역할을 합니다. ? 『그린 챌린지: 한국환경보고서 2017』 재출간 프로젝트 https://t.co/LJ2Fv8sDde,20170411024405,313,TWEET
313,『한국환경보고서』에서 다룬 문제들은 그 하나하나가 우리 사회의 건강함과 풍요로운 지속 가능성의 깃대종 역할을 합니다. ? 『그린 챌린지: 한국환경보고서 2017』 재출간 프로젝트 https://t.co/SrLa6TH32M,20170411092405,314,TWEET
314,『한국환경보고서』에서 다룬 문제들은 그 하나하나가 우리 사회의 건강함과 풍요로운 지속 가능성의 깃대종 역할을 합니다. ? 『그린 챌린지: 한국환경보고서 2017』 재출간 프로젝트 https://t.co/gFMV4uqn9O,20170411112405,315,TWEET
315,『한국환경보고서』에서 다룬 문제들은 그 하나하나가 우리 사회의 건강함과 풍요로운 지속 가능성의 깃대종 역할을 합니다. ? 『그린 챌린지: 한국환경보고서 2017』 재출간 프로젝트 https://t.co/pE3Kiu1dhz,20170411120404,316,TWEET
316,『한국환경보고서』에서 다룬 문제들은 그 하나하나가 우리 사회의 건강함과 풍요로운 지속 가능성의 깃대종 역할을 합니다. ? 『그린 챌린지: 한국환경보고서 2017』 재출간 프로젝트 https://t.co/UDqPSHkfik,20170411164409,317,TWEET
317,『한국환경보고서』에서 다룬 문제들은 그 하나하나가 우리 사회의 건강함과 풍요로운 지속 가능성의 깃대종 역할을 합니다. ? 『그린 챌린지: 한국환경보고서 2017』 재출간 프로젝트 https://t.co/56BRULLWRg,20170412024405,318,TWEET
318,『한국환경보고서』에서 다룬 문제들은 그 하나하나가 우리 사회의 건강함과 풍요로운 지속 가능성의 깃대종 역할을 합니다. ? 『그린 챌린지: 한국환경보고서 2017』 재출간 프로젝트 https://t.co/jt33gVLJ5U,20170412040407,319,TWEET
319,『한국환경보고서』에서 다룬 문제들은 그 하나하나가 우리 사회의 건강함과 풍요로운 지속 가능성의 깃대종 역할을 합니다. ? 『그린 챌린지: 한국환경보고서 2017』 재출간 프로젝트 https://t.co/hDwgA8U2uv,20170412084403,320,TWEET
320,『한국환경보고서』에서 다룬 문제들은 그 하나하나가 우리 사회의 건강함과 풍요로운 지속 가능성의 깃대종 역할을 합니다. ? 『그린 챌린지: 한국환경보고서 2017』 재출간 프로젝트 https://t.co/TD6yaBLA7o,20170412120403,321,TWEET
321,『한국환경보고서』에서 다룬 문제들은 그 하나하나가 우리 사회의 건강함과 풍요로운 지속 가능성의 깃대종 역할을 합니다. ? 『그린 챌린지: 한국환경보고서 2017』 재출간 프로젝트 https://t.co/GfwgUuRqN8,20170412144404,322,TWEET
322,『한국환경보고서』에서 다룬 문제들은 그 하나하나가 우리 사회의 건강함과 풍요로운 지속 가능성의 깃대종 역할을 합니다. ? 『그린 챌린지: 한국환경보고서 2017』 재출간 프로젝트 https://t.co/4MtGPkPGEi,20170412180404,323,TWEET
323,『한국환경보고서』에서 다룬 문제들은 그 하나하나가 우리 사회의 건강함과 풍요로운 지속 가능성의 깃대종 역할을 합니다. ? 『그린 챌린지: 한국환경보고서 2017』 재출간 프로젝트 https://t.co/foJ6xQeSZK,20170412192411,324,TWEET
324,『한국환경보고서』에서 다룬 문제들은 그 하나하나가 우리 사회의 건강함과 풍요로운 지속 가능성의 깃대종 역할을 합니다. ? 『그린 챌린지: 한국환경보고서 2017』 재출간 프로젝트 https://t.co/SBQ8Y4pyVF,20170412204404,325,TWEET
325,『한국환경보고서』에서 다룬 문제들은 그 하나하나가 우리 사회의 건강함과 풍요로운 지속 가능성의 깃대종 역할을 합니다. ? 『그린 챌린지: 한국환경보고서 2017』 재출간 프로젝트 https://t.co/m7jJFOAOya,20170413004405,326,TWEET
326,『한국환경보고서』에서 다룬 문제들은 그 하나하나가 우리 사회의 건강함과 풍요로운 지속 가능성의 깃대종 역할을 합니다. ? 『그린 챌린지: 한국환경보고서 2017』 재출간 프로젝트 https://t.co/DlhnrOkOXR,20170413072404,327,TWEET
327,『한국환경보고서』에서 다룬 문제들은 그 하나하나가 우리 사회의 건강함과 풍요로운 지속 가능성의 깃대종 역할을 합니다. ? 『그린 챌린지: 한국환경보고서 2017』 재출간 프로젝트 https://t.co/SpiNIkrTTY,20170413084402,328,TWEET
328,『한국환경보고서』에서 다룬 문제들은 그 하나하나가 우리 사회의 건강함과 풍요로운 지속 가능성의 깃대종 역할을 합니다. ? 『그린 챌린지: 한국환경보고서 2017』 재출간 프로젝트 https://t.co/sx8BxEW0mL,20170413092405,329,TWEET
329,『한국환경보고서』에서 다룬 문제들은 그 하나하나가 우리 사회의 건강함과 풍요로운 지속 가능성의 깃대종 역할을 합니다. ? 『그린 챌린지: 한국환경보고서 2017』 재출간 프로젝트 https://t.co/g250KYtXCs,20170413100403,330,TWEET
330,『한국환경보고서』에서 다룬 문제들은 그 하나하나가 우리 사회의 건강함과 풍요로운 지속 가능성의 깃대종 역할을 합니다. ? 『그린 챌린지: 한국환경보고서 2017』 재출간 프로젝트 https://t.co/ZTUa86WwdK,20170413104403,331,TWEET
331,『한국환경보고서』에서 다룬 문제들은 그 하나하나가 우리 사회의 건강함과 풍요로운 지속 가능성의 깃대종 역할을 합니다. ? 『그린 챌린지: 한국환경보고서 2017』 재출간 프로젝트 https://t.co/yGGVnZHPG9,20170413112409,332,TWEET
332,『한국환경보고서』에서 다룬 문제들은 그 하나하나가 우리 사회의 건강함과 풍요로운 지속 가능성의 깃대종 역할을 합니다. ? 『그린 챌린지: 한국환경보고서 2017』 재출간 프로젝트 https://t.co/nlxTfAaUDu,20170413164403,333,TWEET
333,『한국환경보고서』에서 다룬 문제들은 그 하나하나가 우리 사회의 건강함과 풍요로운 지속 가능성의 깃대종 역할을 합니다. ? 『그린 챌린지: 한국환경보고서 2017』 재출간 프로젝트 https://t.co/lqbnseXGw4,20170413172405,334,TWEET
334,『한국환경보고서』에서 다룬 문제들은 그 하나하나가 우리 사회의 건강함과 풍요로운 지속 가능성의 깃대종 역할을 합니다. ? 『그린 챌린지: 한국환경보고서 2017』 재출간 프로젝트 https://t.co/JCQQN15tB9,20170413184404,335,TWEET
335,『한국환경보고서』에서 다룬 문제들은 그 하나하나가 우리 사회의 건강함과 풍요로운 지속 가능성의 깃대종 역할을 합니다. ? 『그린 챌린지: 한국환경보고서 2017』 재출간 프로젝트 https://t.co/mzyd4cgKx7,20170413192406,336,TWEET
336,『한국환경보고서』에서 다룬 문제들은 그 하나하나가 우리 사회의 건강함과 풍요로운 지속 가능성의 깃대종 역할을 합니다. ? 『그린 챌린지: 한국환경보고서 2017』 재출간 프로젝트 https://t.co/ctsRWswjv7,20170413200404,337,TWEET
337,『한국환경보고서』에서 다룬 문제들은 그 하나하나가 우리 사회의 건강함과 풍요로운 지속 가능성의 깃대종 역할을 합니다. ? 『그린 챌린지: 한국환경보고서 2017』 재출간 프로젝트 https://t.co/4o5F7m61Xw,20170413212406,338,TWEET
338,『한국환경보고서』에서 다룬 문제들은 그 하나하나가 우리 사회의 건강함과 풍요로운 지속 가능성의 깃대종 역할을 합니다. ? 『그린 챌린지: 한국환경보고서 2017』 재출간 프로젝트 https://t.co/ATtxhOZSSs,20170414004405,339,TWEET
339,『한국환경보고서』에서 다룬 문제들은 그 하나하나가 우리 사회의 건강함과 풍요로운 지속 가능성의 깃대종 역할을 합니다. ? 『그린 챌린지: 한국환경보고서 2017』 재출간 프로젝트 https://t.co/LE3dmkgYI7,20170414020407,340,TWEET
340,『한국환경보고서』에서 다룬 문제들은 그 하나하나가 우리 사회의 건강함과 풍요로운 지속 가능성의 깃대종 역할을 합니다. ? 『그린 챌린지: 한국환경보고서 2017』 재출간 프로젝트 https://t.co/LJ2Fv8sDde,20170414040404,341,TWEET
341,『한국환경보고서』에서 다룬 문제들은 그 하나하나가 우리 사회의 건강함과 풍요로운 지속 가능성의 깃대종 역할을 합니다. ? 『그린 챌린지: 한국환경보고서 2017』 재출간 프로젝트 https://t.co/SrLa6TH32M,20170414104403,342,TWEET
342,『한국환경보고서』에서 다룬 문제들은 그 하나하나가 우리 사회의 건강함과 풍요로운 지속 가능성의 깃대종 역할을 합니다. ? 『그린 챌린지: 한국환경보고서 2017』 재출간 프로젝트 https://t.co/gFMV4uqn9O,20170414124408,343,TWEET
343,『한국환경보고서』에서 다룬 문제들은 그 하나하나가 우리 사회의 건강함과 풍요로운 지속 가능성의 깃대종 역할을 합니다. ? 『그린 챌린지: 한국환경보고서 2017』 재출간 프로젝트 https://t.co/pE3Kiu1dhz,20170414132407,344,TWEET
344,『한국환경보고서』에서 다룬 문제들은 그 하나하나가 우리 사회의 건강함과 풍요로운 지속 가능성의 깃대종 역할을 합니다. ? 『그린 챌린지: 한국환경보고서 2017』 재출간 프로젝트 https://t.co/UDqPSHkfik,20170414180406,345,TWEET
345,『한국환경보고서』에서 다룬 문제들은 그 하나하나가 우리 사회의 건강함과 풍요로운 지속 가능성의 깃대종 역할을 합니다. ? 『그린 챌린지: 한국환경보고서 2017』 재출간 프로젝트 https://t.co/56BRULLWRg,20170415040404,346,TWEET
346,『한국환경보고서』에서 다룬 문제들은 그 하나하나가 우리 사회의 건강함과 풍요로운 지속 가능성의 깃대종 역할을 합니다. ? 『그린 챌린지: 한국환경보고서 2017』 재출간 프로젝트 https://t.co/jt33gVLJ5U,20170415052403,347,TWEET
347,『한국환경보고서』에서 다룬 문제들은 그 하나하나가 우리 사회의 건강함과 풍요로운 지속 가능성의 깃대종 역할을 합니다. ? 『그린 챌린지: 한국환경보고서 2017』 재출간 프로젝트 https://t.co/hDwgA8U2uv,20170415100404,348,TWEET
348,『한국환경보고서』에서 다룬 문제들은 그 하나하나가 우리 사회의 건강함과 풍요로운 지속 가능성의 깃대종 역할을 합니다. ? 『그린 챌린지: 한국환경보고서 2017』 재출간 프로젝트 https://t.co/TD6yaBLA7o,20170415132405,349,TWEET
349,『한국환경보고서』에서 다룬 문제들은 그 하나하나가 우리 사회의 건강함과 풍요로운 지속 가능성의 깃대종 역할을 합니다. ? 『그린 챌린지: 한국환경보고서 2017』 재출간 프로젝트 https://t.co/GfwgUuRqN8,20170415160405,350,TWEET
350,『한국환경보고서』에서 다룬 문제들은 그 하나하나가 우리 사회의 건강함과 풍요로운 지속 가능성의 깃대종 역할을 합니다. ? 『그린 챌린지: 한국환경보고서 2017』 재출간 프로젝트 https://t.co/4MtGPkPGEi,20170415192406,351,TWEET
351,『한국환경보고서』에서 다룬 문제들은 그 하나하나가 우리 사회의 건강함과 풍요로운 지속 가능성의 깃대종 역할을 합니다. ? 『그린 챌린지: 한국환경보고서 2017』 재출간 프로젝트 https://t.co/foJ6xQeSZK,20170415204404,352,TWEET
352,『한국환경보고서』에서 다룬 문제들은 그 하나하나가 우리 사회의 건강함과 풍요로운 지속 가능성의 깃대종 역할을 합니다. ? 『그린 챌린지: 한국환경보고서 2017』 재출간 프로젝트 https://t.co/SBQ8Y4pyVF,20170415220406,353,TWEET
353,『한국환경보고서』에서 다룬 문제들은 그 하나하나가 우리 사회의 건강함과 풍요로운 지속 가능성의 깃대종 역할을 합니다. ? 『그린 챌린지: 한국환경보고서 2017』 재출간 프로젝트 https://t.co/m7jJFOAOya,20170416020406,354,TWEET
354,『한국환경보고서』에서 다룬 문제들은 그 하나하나가 우리 사회의 건강함과 풍요로운 지속 가능성의 깃대종 역할을 합니다. ? 『그린 챌린지: 한국환경보고서 2017』 재출간 프로젝트 https://t.co/DlhnrOkOXR,20170416084403,355,TWEET
355,『한국환경보고서』에서 다룬 문제들은 그 하나하나가 우리 사회의 건강함과 풍요로운 지속 가능성의 깃대종 역할을 합니다. ? 『그린 챌린지: 한국환경보고서 2017』 재출간 프로젝트 https://t.co/SpiNIkrTTY,20170416100404,356,TWEET
356,『한국환경보고서』에서 다룬 문제들은 그 하나하나가 우리 사회의 건강함과 풍요로운 지속 가능성의 깃대종 역할을 합니다. ? 『그린 챌린지: 한국환경보고서 2017』 재출간 프로젝트 https://t.co/sx8BxEW0mL,20170416104403,357,TWEET
357,『한국환경보고서』에서 다룬 문제들은 그 하나하나가 우리 사회의 건강함과 풍요로운 지속 가능성의 깃대종 역할을 합니다. ? 『그린 챌린지: 한국환경보고서 2017』 재출간 프로젝트 https://t.co/g250KYtXCs,20170416112405,358,TWEET
358,『한국환경보고서』에서 다룬 문제들은 그 하나하나가 우리 사회의 건강함과 풍요로운 지속 가능성의 깃대종 역할을 합니다. ? 『그린 챌린지: 한국환경보고서 2017』 재출간 프로젝트 https://t.co/ZTUa86WwdK,20170416120405,359,TWEET
359,『한국환경보고서』에서 다룬 문제들은 그 하나하나가 우리 사회의 건강함과 풍요로운 지속 가능성의 깃대종 역할을 합니다. ? 『그린 챌린지: 한국환경보고서 2017』 재출간 프로젝트 https://t.co/yGGVnZHPG9,20170416124403,360,TWEET
360,『한국환경보고서』에서 다룬 문제들은 그 하나하나가 우리 사회의 건강함과 풍요로운 지속 가능성의 깃대종 역할을 합니다. ? 『그린 챌린지: 한국환경보고서 2017』 재출간 프로젝트 https://t.co/nlxTfAaUDu,20170416180405,361,TWEET
361,『한국환경보고서』에서 다룬 문제들은 그 하나하나가 우리 사회의 건강함과 풍요로운 지속 가능성의 깃대종 역할을 합니다. ? 『그린 챌린지: 한국환경보고서 2017』 재출간 프로젝트 https://t.co/lqbnseXGw4,20170416184405,362,TWEET
362,『한국환경보고서』에서 다룬 문제들은 그 하나하나가 우리 사회의 건강함과 풍요로운 지속 가능성의 깃대종 역할을 합니다. ? 『그린 챌린지: 한국환경보고서 2017』 재출간 프로젝트 https://t.co/JCQQN15tB9,20170416200405,363,TWEET
363,『한국환경보고서』에서 다룬 문제들은 그 하나하나가 우리 사회의 건강함과 풍요로운 지속 가능성의 깃대종 역할을 합니다. ? 『그린 챌린지: 한국환경보고서 2017』 재출간 프로젝트 https://t.co/mzyd4cgKx7,20170416204405,364,TWEET
364,『한국환경보고서』에서 다룬 문제들은 그 하나하나가 우리 사회의 건강함과 풍요로운 지속 가능성의 깃대종 역할을 합니다. ? 『그린 챌린지: 한국환경보고서 2017』 재출간 프로젝트 https://t.co/ctsRWswjv7,20170416212406,365,TWEET
365,『한국환경보고서』에서 다룬 문제들은 그 하나하나가 우리 사회의 건강함과 풍요로운 지속 가능성의 깃대종 역할을 합니다. ? 『그린 챌린지: 한국환경보고서 2017』 재출간 프로젝트 https://t.co/4o5F7m61Xw,20170416224410,366,TWEET
366,『한국환경보고서』에서 다룬 문제들은 그 하나하나가 우리 사회의 건강함과 풍요로운 지속 가능성의 깃대종 역할을 합니다. ? 『그린 챌린지: 한국환경보고서 2017』 재출간 프로젝트 https://t.co/ATtxhOZSSs,20170417020406,367,TWEET
367,『한국환경보고서』에서 다룬 문제들은 그 하나하나가 우리 사회의 건강함과 풍요로운 지속 가능성의 깃대종 역할을 합니다. ? 『그린 챌린지: 한국환경보고서 2017』 재출간 프로젝트 https://t.co/LE3dmkgYI7,20170417032407,368,TWEET
368,『한국환경보고서』에서 다룬 문제들은 그 하나하나가 우리 사회의 건강함과 풍요로운 지속 가능성의 깃대종 역할을 합니다. ? 『그린 챌린지: 한국환경보고서 2017』 재출간 프로젝트 https://t.co/LJ2Fv8sDde,20170417052404,369,TWEET
369,『한국환경보고서』에서 다룬 문제들은 그 하나하나가 우리 사회의 건강함과 풍요로운 지속 가능성의 깃대종 역할을 합니다. ? 『그린 챌린지: 한국환경보고서 2017』 재출간 프로젝트 https://t.co/SrLa6TH32M,20170417120405,370,TWEET
370,『한국환경보고서』에서 다룬 문제들은 그 하나하나가 우리 사회의 건강함과 풍요로운 지속 가능성의 깃대종 역할을 합니다. ? 『그린 챌린지: 한국환경보고서 2017』 재출간 프로젝트 https://t.co/gFMV4uqn9O,20170417140405,371,TWEET
371,『한국환경보고서』에서 다룬 문제들은 그 하나하나가 우리 사회의 건강함과 풍요로운 지속 가능성의 깃대종 역할을 합니다. ? 『그린 챌린지: 한국환경보고서 2017』 재출간 프로젝트 https://t.co/pE3Kiu1dhz,20170417144403,372,TWEET
372,『한국환경보고서』에서 다룬 문제들은 그 하나하나가 우리 사회의 건강함과 풍요로운 지속 가능성의 깃대종 역할을 합니다. ? 『그린 챌린지: 한국환경보고서 2017』 재출간 프로젝트 https://t.co/UDqPSHkfik,20170417192405,373,TWEET
373,『한국환경보고서』에서 다룬 문제들은 그 하나하나가 우리 사회의 건강함과 풍요로운 지속 가능성의 깃대종 역할을 합니다. ? 『그린 챌린지: 한국환경보고서 2017』 재출간 프로젝트 https://t.co/56BRULLWRg,20170418052404,374,TWEET
374,『한국환경보고서』에서 다룬 문제들은 그 하나하나가 우리 사회의 건강함과 풍요로운 지속 가능성의 깃대종 역할을 합니다. ? 『그린 챌린지: 한국환경보고서 2017』 재출간 프로젝트 https://t.co/jt33gVLJ5U,20170418064407,375,TWEET
375,『한국환경보고서』에서 다룬 문제들은 그 하나하나가 우리 사회의 건강함과 풍요로운 지속 가능성의 깃대종 역할을 합니다. ? 『그린 챌린지: 한국환경보고서 2017』 재출간 프로젝트 https://t.co/hDwgA8U2uv,20170418112405,376,TWEET
376,『한국환경보고서』에서 다룬 문제들은 그 하나하나가 우리 사회의 건강함과 풍요로운 지속 가능성의 깃대종 역할을 합니다. ? 『그린 챌린지: 한국환경보고서 2017』 재출간 프로젝트 https://t.co/TD6yaBLA7o,20170418144409,377,TWEET
377,『한국환경보고서』에서 다룬 문제들은 그 하나하나가 우리 사회의 건강함과 풍요로운 지속 가능성의 깃대종 역할을 합니다. ? 『그린 챌린지: 한국환경보고서 2017』 재출간 프로젝트 https://t.co/GfwgUuRqN8,20170418172404,378,TWEET
378,『한국환경보고서』에서 다룬 문제들은 그 하나하나가 우리 사회의 건강함과 풍요로운 지속 가능성의 깃대종 역할을 합니다. ? 『그린 챌린지: 한국환경보고서 2017』 재출간 프로젝트 https://t.co/4MtGPkPGEi,20170418204405,379,TWEET
379,『한국환경보고서』에서 다룬 문제들은 그 하나하나가 우리 사회의 건강함과 풍요로운 지속 가능성의 깃대종 역할을 합니다. ? 『그린 챌린지: 한국환경보고서 2017』 재출간 프로젝트 https://t.co/foJ6xQeSZK,20170418220406,380,TWEET
380,『한국환경보고서』에서 다룬 문제들은 그 하나하나가 우리 사회의 건강함과 풍요로운 지속 가능성의 깃대종 역할을 합니다. ? 『그린 챌린지: 한국환경보고서 2017』 재출간 프로젝트 https://t.co/SBQ8Y4pyVF,20170418232405,381,TWEET
381,『한국환경보고서』에서 다룬 문제들은 그 하나하나가 우리 사회의 건강함과 풍요로운 지속 가능성의 깃대종 역할을 합니다. ? 『그린 챌린지: 한국환경보고서 2017』 재출간 프로젝트 https://t.co/m7jJFOAOya,20170419032404,382,TWEET
382,『한국환경보고서』에서 다룬 문제들은 그 하나하나가 우리 사회의 건강함과 풍요로운 지속 가능성의 깃대종 역할을 합니다. ? 『그린 챌린지: 한국환경보고서 2017』 재출간 프로젝트 https://t.co/DlhnrOkOXR,20170419100406,383,TWEET
383,『한국환경보고서』에서 다룬 문제들은 그 하나하나가 우리 사회의 건강함과 풍요로운 지속 가능성의 깃대종 역할을 합니다. ? 『그린 챌린지: 한국환경보고서 2017』 재출간 프로젝트 https://t.co/SpiNIkrTTY,20170419112406,384,TWEET
384,『한국환경보고서』에서 다룬 문제들은 그 하나하나가 우리 사회의 건강함과 풍요로운 지속 가능성의 깃대종 역할을 합니다. ? 『그린 챌린지: 한국환경보고서 2017』 재출간 프로젝트 https://t.co/sx8BxEEpvd,20170419120406,385,TWEET
385,『한국환경보고서』에서 다룬 문제들은 그 하나하나가 우리 사회의 건강함과 풍요로운 지속 가능성의 깃대종 역할을 합니다. ? 『그린 챌린지: 한국환경보고서 2017』 재출간 프로젝트 https://t.co/g250KYtXCs,20170419124406,386,TWEET
386,『한국환경보고서』에서 다룬 문제들은 그 하나하나가 우리 사회의 건강함과 풍요로운 지속 가능성의 깃대종 역할을 합니다. ? 『그린 챌린지: 한국환경보고서 2017』 재출간 프로젝트 https://t.co/ZTUa86WwdK,20170419132406,387,TWEET
387,『한국환경보고서』에서 다룬 문제들은 그 하나하나가 우리 사회의 건강함과 풍요로운 지속 가능성의 깃대종 역할을 합니다. ? 『그린 챌린지: 한국환경보고서 2017』 재출간 프로젝트 https://t.co/yGGVnZHPG9,20170419140406,388,TWEET
388,『한국환경보고서』에서 다룬 문제들은 그 하나하나가 우리 사회의 건강함과 풍요로운 지속 가능성의 깃대종 역할을 합니다. ? 『그린 챌린지: 한국환경보고서 2017』 재출간 프로젝트 https://t.co/nlxTfAaUDu,20170419192407,389,TWEET
389,『한국환경보고서』에서 다룬 문제들은 그 하나하나가 우리 사회의 건강함과 풍요로운 지속 가능성의 깃대종 역할을 합니다. ? 『그린 챌린지: 한국환경보고서 2017』 재출간 프로젝트 https://t.co/lqbnseXGw4,20170419200407,390,TWEET
390,『한국환경보고서』에서 다룬 문제들은 그 하나하나가 우리 사회의 건강함과 풍요로운 지속 가능성의 깃대종 역할을 합니다. ? 『그린 챌린지: 한국환경보고서 2017』 재출간 프로젝트 https://t.co/JCQQN15tB9,20170419212407,391,TWEET
391,『한국환경보고서』에서 다룬 문제들은 그 하나하나가 우리 사회의 건강함과 풍요로운 지속 가능성의 깃대종 역할을 합니다. ? 『그린 챌린지: 한국환경보고서 2017』 재출간 프로젝트 https://t.co/mzyd4cgKx7,20170419220408,392,TWEET
392,『한국환경보고서』에서 다룬 문제들은 그 하나하나가 우리 사회의 건강함과 풍요로운 지속 가능성의 깃대종 역할을 합니다. ? 『그린 챌린지: 한국환경보고서 2017』 재출간 프로젝트 https://t.co/ctsRWswjv7,20170419224407,393,TWEET
393,『한국환경보고서』에서 다룬 문제들은 그 하나하나가 우리 사회의 건강함과 풍요로운 지속 가능성의 깃대종 역할을 합니다. ? 『그린 챌린지: 한국환경보고서 2017』 재출간 프로젝트 https://t.co/4o5F7m61Xw,20170420000408,394,TWEET
394,『한국환경보고서』에서 다룬 문제들은 그 하나하나가 우리 사회의 건강함과 풍요로운 지속 가능성의 깃대종 역할을 합니다. ? 『그린 챌린지: 한국환경보고서 2017』 재출간 프로젝트 https://t.co/ATtxhOZSSs,20170420032408,395,TWEET
395,『한국환경보고서』에서 다룬 문제들은 그 하나하나가 우리 사회의 건강함과 풍요로운 지속 가능성의 깃대종 역할을 합니다. ? 『그린 챌린지: 한국환경보고서 2017』 재출간 프로젝트 https://t.co/LE3dmkgYI7,20170420044403,396,TWEET
396,『한국환경보고서』에서 다룬 문제들은 그 하나하나가 우리 사회의 건강함과 풍요로운 지속 가능성의 깃대종 역할을 합니다. ? 『그린 챌린지: 한국환경보고서 2017』 재출간 프로젝트 https://t.co/LJ2Fv8sDde,20170420064403,397,TWEET
397,『한국환경보고서』에서 다룬 문제들은 그 하나하나가 우리 사회의 건강함과 풍요로운 지속 가능성의 깃대종 역할을 합니다. ? 『그린 챌린지: 한국환경보고서 2017』 재출간 프로젝트 https://t.co/SrLa6TH32M,20170420132403,398,TWEET
398,『한국환경보고서』에서 다룬 문제들은 그 하나하나가 우리 사회의 건강함과 풍요로운 지속 가능성의 깃대종 역할을 합니다. ? 『그린 챌린지: 한국환경보고서 2017』 재출간 프로젝트 https://t.co/gFMV4uqn9O,20170420152405,399,TWEET
399,『한국환경보고서』에서 다룬 문제들은 그 하나하나가 우리 사회의 건강함과 풍요로운 지속 가능성의 깃대종 역할을 합니다. ? 『그린 챌린지: 한국환경보고서 2017』 재출간 프로젝트 https://t.co/pE3Kiu1dhz,20170420160404,400,TWEET
400,『한국환경보고서』에서 다룬 문제들은 그 하나하나가 우리 사회의 건강함과 풍요로운 지속 가능성의 깃대종 역할을 합니다. ? 『그린 챌린지: 한국환경보고서 2017』 재출간 프로젝트 https://t.co/UDqPSHkfik,20170420204410,401,TWEET
401,『한국환경보고서』에서 다룬 문제들은 그 하나하나가 우리 사회의 건강함과 풍요로운 지속 가능성의 깃대종 역할을 합니다. ? 『그린 챌린지: 한국환경보고서 2017』 재출간 프로젝트 https://t.co/56BRULLWRg,20170421064403,402,TWEET
402,『한국환경보고서』에서 다룬 문제들은 그 하나하나가 우리 사회의 건강함과 풍요로운 지속 가능성의 깃대종 역할을 합니다. ? 『그린 챌린지: 한국환경보고서 2017』 재출간 프로젝트 https://t.co/jt33gVLJ5U,20170421080403,403,TWEET
403,『한국환경보고서』에서 다룬 문제들은 그 하나하나가 우리 사회의 건강함과 풍요로운 지속 가능성의 깃대종 역할을 합니다. ? 『그린 챌린지: 한국환경보고서 2017』 재출간 프로젝트 https://t.co/hDwgA8U2uv,20170421124404,404,TWEET
404,『한국환경보고서』에서 다룬 문제들은 그 하나하나가 우리 사회의 건강함과 풍요로운 지속 가능성의 깃대종 역할을 합니다. ? 『그린 챌린지: 한국환경보고서 2017』 재출간 프로젝트 https://t.co/TD6yaBLA7o,20170421160405,405,TWEET
405,『한국환경보고서』에서 다룬 문제들은 그 하나하나가 우리 사회의 건강함과 풍요로운 지속 가능성의 깃대종 역할을 합니다. ? 『그린 챌린지: 한국환경보고서 2017』 재출간 프로젝트 https://t.co/GfwgUuRqN8,20170421184404,406,TWEET
406,『한국환경보고서』에서 다룬 문제들은 그 하나하나가 우리 사회의 건강함과 풍요로운 지속 가능성의 깃대종 역할을 합니다. ? 『그린 챌린지: 한국환경보고서 2017』 재출간 프로젝트 https://t.co/4MtGPkPGEi,20170421220405,407,TWEET
407,『한국환경보고서』에서 다룬 문제들은 그 하나하나가 우리 사회의 건강함과 풍요로운 지속 가능성의 깃대종 역할을 합니다. ? 『그린 챌린지: 한국환경보고서 2017』 재출간 프로젝트 https://t.co/foJ6xQeSZK,20170421232405,408,TWEET
408,『한국환경보고서』에서 다룬 문제들은 그 하나하나가 우리 사회의 건강함과 풍요로운 지속 가능성의 깃대종 역할을 합니다. ? 『그린 챌린지: 한국환경보고서 2017』 재출간 프로젝트 https://t.co/SBQ8Y4pyVF,20170422004411,409,TWEET
409,『한국환경보고서』에서 다룬 문제들은 그 하나하나가 우리 사회의 건강함과 풍요로운 지속 가능성의 깃대종 역할을 합니다. ? 『그린 챌린지: 한국환경보고서 2017』 재출간 프로젝트 https://t.co/m7jJFOAOya,20170422044403,410,TWEET
410,『한국환경보고서』에서 다룬 문제들은 그 하나하나가 우리 사회의 건강함과 풍요로운 지속 가능성의 깃대종 역할을 합니다. ? 『그린 챌린지: 한국환경보고서 2017』 재출간 프로젝트 https://t.co/DlhnrOkOXR,20170422112403,411,TWEET
411,『한국환경보고서』에서 다룬 문제들은 그 하나하나가 우리 사회의 건강함과 풍요로운 지속 가능성의 깃대종 역할을 합니다. ? 『그린 챌린지: 한국환경보고서 2017』 재출간 프로젝트 https://t.co/SpiNIkrTTY,20170422124403,412,TWEET
412,『한국환경보고서』에서 다룬 문제들은 그 하나하나가 우리 사회의 건강함과 풍요로운 지속 가능성의 깃대종 역할을 합니다. ? 『그린 챌린지: 한국환경보고서 2017』 재출간 프로젝트 https://t.co/sx8BxEW0mL,20170422132404,413,TWEET
413,『한국환경보고서』에서 다룬 문제들은 그 하나하나가 우리 사회의 건강함과 풍요로운 지속 가능성의 깃대종 역할을 합니다. ? 『그린 챌린지: 한국환경보고서 2017』 재출간 프로젝트 https://t.co/g250KYtXCs,20170422140404,414,TWEET
414,『한국환경보고서』에서 다룬 문제들은 그 하나하나가 우리 사회의 건강함과 풍요로운 지속 가능성의 깃대종 역할을 합니다. ? 『그린 챌린지: 한국환경보고서 2017』 재출간 프로젝트 https://t.co/ZTUa86WwdK,20170422144404,415,TWEET
415,『한국환경보고서』에서 다룬 문제들은 그 하나하나가 우리 사회의 건강함과 풍요로운 지속 가능성의 깃대종 역할을 합니다. ? 『그린 챌린지: 한국환경보고서 2017』 재출간 프로젝트 https://t.co/yGGVnZHPG9,20170422152404,416,TWEET
416,『한국환경보고서』에서 다룬 문제들은 그 하나하나가 우리 사회의 건강함과 풍요로운 지속 가능성의 깃대종 역할을 합니다. ? 『그린 챌린지: 한국환경보고서 2017』 재출간 프로젝트 https://t.co/nlxTfAaUDu,20170422204405,417,TWEET
417,『한국환경보고서』에서 다룬 문제들은 그 하나하나가 우리 사회의 건강함과 풍요로운 지속 가능성의 깃대종 역할을 합니다. ? 『그린 챌린지: 한국환경보고서 2017』 재출간 프로젝트 https://t.co/lqbnseXGw4,20170422212404,418,TWEET
418,『한국환경보고서』에서 다룬 문제들은 그 하나하나가 우리 사회의 건강함과 풍요로운 지속 가능성의 깃대종 역할을 합니다. ? 『그린 챌린지: 한국환경보고서 2017』 재출간 프로젝트 https://t.co/JCQQN15tB9,20170422224404,419,TWEET
419,『한국환경보고서』에서 다룬 문제들은 그 하나하나가 우리 사회의 건강함과 풍요로운 지속 가능성의 깃대종 역할을 합니다. ? 『그린 챌린지: 한국환경보고서 2017』 재출간 프로젝트 https://t.co/mzyd4cgKx7,20170422232405,420,TWEET
420,『한국환경보고서』에서 다룬 문제들은 그 하나하나가 우리 사회의 건강함과 풍요로운 지속 가능성의 깃대종 역할을 합니다. ? 『그린 챌린지: 한국환경보고서 2017』 재출간 프로젝트 https://t.co/ctsRWswjv7,20170423000405,421,TWEET
421,『한국환경보고서』에서 다룬 문제들은 그 하나하나가 우리 사회의 건강함과 풍요로운 지속 가능성의 깃대종 역할을 합니다. ? 『그린 챌린지: 한국환경보고서 2017』 재출간 프로젝트 https://t.co/4o5F7m61Xw,20170423012410,422,TWEET
422,『한국환경보고서』에서 다룬 문제들은 그 하나하나가 우리 사회의 건강함과 풍요로운 지속 가능성의 깃대종 역할을 합니다. ? 『그린 챌린지: 한국환경보고서 2017』 재출간 프로젝트 https://t.co/ATtxhOZSSs,20170423044403,423,TWEET
423,『한국환경보고서』에서 다룬 문제들은 그 하나하나가 우리 사회의 건강함과 풍요로운 지속 가능성의 깃대종 역할을 합니다. ? 『그린 챌린지: 한국환경보고서 2017』 재출간 프로젝트 https://t.co/LE3dmkgYI7,20170423060408,424,TWEET
424,『한국환경보고서』에서 다룬 문제들은 그 하나하나가 우리 사회의 건강함과 풍요로운 지속 가능성의 깃대종 역할을 합니다. ? 『그린 챌린지: 한국환경보고서 2017』 재출간 프로젝트 https://t.co/LJ2Fv8sDde,20170423080404,425,TWEET
425,『한국환경보고서』에서 다룬 문제들은 그 하나하나가 우리 사회의 건강함과 풍요로운 지속 가능성의 깃대종 역할을 합니다. ? 『그린 챌린지: 한국환경보고서 2017』 재출간 프로젝트 https://t.co/SrLa6TH32M,20170423144409,426,TWEET
426,『한국환경보고서』에서 다룬 문제들은 그 하나하나가 우리 사회의 건강함과 풍요로운 지속 가능성의 깃대종 역할을 합니다. ? 『그린 챌린지: 한국환경보고서 2017』 재출간 프로젝트 https://t.co/gFMV4uqn9O,20170423164404,427,TWEET
427,『한국환경보고서』에서 다룬 문제들은 그 하나하나가 우리 사회의 건강함과 풍요로운 지속 가능성의 깃대종 역할을 합니다. ? 『그린 챌린지: 한국환경보고서 2017』 재출간 프로젝트 https://t.co/pE3Kiu1dhz,20170423172404,428,TWEET
428,『한국환경보고서』에서 다룬 문제들은 그 하나하나가 우리 사회의 건강함과 풍요로운 지속 가능성의 깃대종 역할을 합니다. ? 『그린 챌린지: 한국환경보고서 2017』 재출간 프로젝트 https://t.co/UDqPSHkfik,20170423220411,429,TWEET
429,『한국환경보고서』에서 다룬 문제들은 그 하나하나가 우리 사회의 건강함과 풍요로운 지속 가능성의 깃대종 역할을 합니다. ? 『그린 챌린지: 한국환경보고서 2017』 재출간 프로젝트 https://t.co/56BRULLWRg,20170424080404,430,TWEET
430,『한국환경보고서』에서 다룬 문제들은 그 하나하나가 우리 사회의 건강함과 풍요로운 지속 가능성의 깃대종 역할을 합니다. ? 『그린 챌린지: 한국환경보고서 2017』 재출간 프로젝트 https://t.co/jt33gVLJ5U,20170424092403,431,TWEET
431,『한국환경보고서』에서 다룬 문제들은 그 하나하나가 우리 사회의 건강함과 풍요로운 지속 가능성의 깃대종 역할을 합니다. ? 『그린 챌린지: 한국환경보고서 2017』 재출간 프로젝트 https://t.co/hDwgA8U2uv,20170424140404,432,TWEET
432,『한국환경보고서』에서 다룬 문제들은 그 하나하나가 우리 사회의 건강함과 풍요로운 지속 가능성의 깃대종 역할을 합니다. ? 『그린 챌린지: 한국환경보고서 2017』 재출간 프로젝트 https://t.co/TD6yaBLA7o,20170424172405,433,TWEET
433,『한국환경보고서』에서 다룬 문제들은 그 하나하나가 우리 사회의 건강함과 풍요로운 지속 가능성의 깃대종 역할을 합니다. ? 『그린 챌린지: 한국환경보고서 2017』 재출간 프로젝트 https://t.co/GfwgUuRqN8,20170424200404,434,TWEET
434,『한국환경보고서』에서 다룬 문제들은 그 하나하나가 우리 사회의 건강함과 풍요로운 지속 가능성의 깃대종 역할을 합니다. ? 『그린 챌린지: 한국환경보고서 2017』 재출간 프로젝트 https://t.co/4MtGPkPGEi,20170424232405,435,TWEET
435,『한국환경보고서』에서 다룬 문제들은 그 하나하나가 우리 사회의 건강함과 풍요로운 지속 가능성의 깃대종 역할을 합니다. ? 『그린 챌린지: 한국환경보고서 2017』 재출간 프로젝트 https://t.co/foJ6xQeSZK,20170425004405,436,TWEET
436,『한국환경보고서』에서 다룬 문제들은 그 하나하나가 우리 사회의 건강함과 풍요로운 지속 가능성의 깃대종 역할을 합니다. ? 『그린 챌린지: 한국환경보고서 2017』 재출간 프로젝트 https://t.co/SBQ8Y4pyVF,20170425020406,437,TWEET
437,『한국환경보고서』에서 다룬 문제들은 그 하나하나가 우리 사회의 건강함과 풍요로운 지속 가능성의 깃대종 역할을 합니다. ? 『그린 챌린지: 한국환경보고서 2017』 재출간 프로젝트 https://t.co/m7jJFOAOya,20170425060403,438,TWEET
438,『한국환경보고서』에서 다룬 문제들은 그 하나하나가 우리 사회의 건강함과 풍요로운 지속 가능성의 깃대종 역할을 합니다. ? 『그린 챌린지: 한국환경보고서 2017』 재출간 프로젝트 https://t.co/DlhnrOkOXR,20170425124404,439,TWEET
439,『한국환경보고서』에서 다룬 문제들은 그 하나하나가 우리 사회의 건강함과 풍요로운 지속 가능성의 깃대종 역할을 합니다. ? 『그린 챌린지: 한국환경보고서 2017』 재출간 프로젝트 https://t.co/SpiNIkrTTY,20170425140404,440,TWEET
440,『한국환경보고서』에서 다룬 문제들은 그 하나하나가 우리 사회의 건강함과 풍요로운 지속 가능성의 깃대종 역할을 합니다. ? 『그린 챌린지: 한국환경보고서 2017』 재출간 프로젝트 https://t.co/sx8BxEW0mL,20170425144404,441,TWEET
441,『한국환경보고서』에서 다룬 문제들은 그 하나하나가 우리 사회의 건강함과 풍요로운 지속 가능성의 깃대종 역할을 합니다. ? 『그린 챌린지: 한국환경보고서 2017』 재출간 프로젝트 https://t.co/g250KYtXCs,20170425152405,442,TWEET
442,『한국환경보고서』에서 다룬 문제들은 그 하나하나가 우리 사회의 건강함과 풍요로운 지속 가능성의 깃대종 역할을 합니다. ? 『그린 챌린지: 한국환경보고서 2017』 재출간 프로젝트 https://t.co/ZTUa86WwdK,20170425160405,443,TWEET
443,『한국환경보고서』에서 다룬 문제들은 그 하나하나가 우리 사회의 건강함과 풍요로운 지속 가능성의 깃대종 역할을 합니다. ? 『그린 챌린지: 한국환경보고서 2017』 재출간 프로젝트 https://t.co/yGGVnZHPG9,20170425164404,444,TWEET
444,Do you know 깃대종!? 국민프로듀서님들 밥먹기 전에 지식 하나 더 섭취하라곰! ?? #깃대종 #국립공원 #국립공원3050 #깃대종_알고_있었던_분?!... https://t.co/ZbxyZzmSGm,20170525103309,445,TWEET
445,성 소수자야말로 그 사회의 깃대종 같은 존재라고 생각한다. 성 소수자를 핍박하는 사회의 인권은 거의 예외 없이 바닥 수준이다. 성 소수자의 상태는 양성 평등과도 밀접한 관련이 있다. ‘다름’을 응징하는 사회 https://t.co/Tp9BNRsl4l,20170601173114,446,TWEET
446,계룡산 깃대종이 대전의 식장산에서도 번식 #식장산 #호반새 #멸종위기종 https://t.co/u5XDZRFFbB 이경호 기자,20170721163614,447,TWEET
447,"[강찬수 환경전문기자의 에코사전] ‘깃대종 Flagship Species’ 특정 지역, 특정 생태계를 대표하는 생물 종(種, species)을 말한다. 단순한 상징종과는 달리 생태계의 특성을... https://t.co/VG9CoiQ2ER",20170728102226,448,TWEET
448,"[https://t.co/fisTVTfPb4] 대전시, 전국 최초 깃대종 보호규정 조례에 담아 https://t.co/EjnxQVgH3X",20170817113547,449,TWEET
449,"대전시, 전국 최초 깃대종 보호규정 조례에 담아 https://t.co/cXGLVmauKs https://t.co/JKeIDzeef6",20170817145354,450,TWEET
450,"대전시, 지역 깃대종 보호 조례에 담아 https://t.co/a51iK8NCBM",20170817150920,451,TWEET
451,"대전시, 지역 깃대종 보호 조례에 담아 https://t.co/S3mmRuITHJ",20170817151019,452,TWEET
452,"대전시, 지역 깃대종 보호 조례에 담아 https://t.co/5zXREG1TLJ",20170817151608,453,TWEET
453,"대전시, 지역 깃대종 보호 조례에 담아 https://t.co/Z0cP2gk381",20170817151918,454,TWEET
454,"대전시, 지역 깃대종 보호 조례에 담아 https://t.co/wLEZbioTZu",20170817152516,455,TWEET
455,"대전시, 지역 깃대종 보호 조례에 담아 https://t.co/nM4tdu2Djx",20170817152622,456,TWEET
456,"대전시, 지역 깃대종 보호 조례에 담아 https://t.co/7ZTwM9rJd6",20170817153117,457,TWEET
457,"대전시, 지역 깃대종 보호 조례에 담아 https://t.co/Ve5rwCWr2n",20170818074320,458,TWEET
458,대전시 깃대종 보전조례 개정에 부쳐 #깃대종 #자연환경보전_조례 https://t.co/s9qF2dKZoh 이경호 기자,20170821163155,459,TWEET
459,대전시 깃대종 보전조례 개정에 부쳐 https://t.co/Hcew4oceJU #사회문화 #오마이뉴스,20170821191229,460,TWEET
460,#국립공원 #도립공원 #군립공원? 자연공원에서는 어떤 일들이 있을까요? ? 꼬미가 알려주는 #자연공원 이야기 함께 알아볼까요? #국립공원3050 #주니어레인저 #캠핑 #야생생물 #깃대종 #지리산... https://t.co/ipnLs7KaUJ,20170823113018,461,TWEET
461,도시에 살아가는 대전의 깃대종을 응원해주세요. https://t.co/1H6AdbpCG5,20170824155634,462,TWEET
462,"9월 2일 정몽구재단 생태나누리프로그램 운영! 안동 1318꿈나무지역아동센터, 꿈나무지역아동센터와 함께 했어요 주왕산 기암전설과 깃대종 해설, 참나무군락지에서 피톤치드 체험까지!! 재미있고 다양한... https://t.co/yHTlTJnStx",20170904160827,463,TWEET
463,"하늘다람쥐, 이까도롱뇽, 감돌고기 대전을 대표하는 깃대종 삼총사를 소개합니다 #심쿵사_주의",20170905170003,464,TWEET
464,"#깃대종 을 아세요? #깃대종 은 특정 지역의 생태계를 대표할 수 있는 중요 동,식물을 뜻해요! #정읍 의 자랑, #내장산 의 깃대종은? #비단벌레 와 #진노랑상사화 랍니다. https://t.co/jR1THAokHq",20170914114000,465,TWEET
465,"대전시, 민·관 합동으로 깃대종 보호활동 전개 https://t.co/poMKZi6Brc https://t.co/SlmF1TwTDU",20170925161343,466,TWEET
466,무등산 깃대종 '털조장나무' 곡성에 국내 최대 군락 https://t.co/xFYj0cO5S6,20171005094510,467,TWEET
467,"전남산림자원연구소, 곡성에 무등산 깃대종 털조장나무, 국내 최대 군락 https://t.co/8dhquQ5rE3",20171005111731,468,TWEET
468,"[동양방송] 곡성에 무등산 깃대종 털조장나무, 국내 최대 군락 https://t.co/4hMOaJzHN7",20171005112848,469,TWEET
469,"[미디어24] 곡성에 무등산 깃대종 털조장나무, 국내 최대 군락지 발견 눈길 https://t.co/6OgrXqbGAY",20171005122333,470,TWEET
470,"곡성군, 무등산 깃대종 털조장나무 '국내 최대 군락' https://t.co/DnZbhiyztn",20171005145043,471,TWEET
471,"곡성군, 무등산 깃대종 털조장나무 '국내 최대 군락' https://t.co/p87ciFQfE4",20171005153201,472,TWEET
472,"곡성에 무등산 깃대종 털조장나무, 국내 최대 군락 https://t.co/G73nPD5lZa",20171005174632,473,TWEET
473,"[일등방송] 곡성에 무등산 깃대종 털조장나무, 국내 최대 군락지 발견 https://t.co/2SLb59DFhA",20171005184728,474,TWEET
474,"곡성군에 무등산 깃대종 털조장나무, 국내 최대 군락 | 다음뉴스 https://t.co/3gZCZhzGzL",20171005203051,475,TWEET
475,"[신문고뉴스] 곡성에 무등산 깃대종 털조장나무, 국내 최대 군락 https://t.co/YBEoSEjUQC",20171006081951,476,TWEET
476,"전남 곡성에 무등산 깃대종 털조장나무, 국내 최대 군락 - e조은뉴스 https://t.co/vqm7fiN7Jo",20171006114810,477,TWEET
477,"전라남도, 곡성에 무등산 깃대종 털조장나무 국내 최대 군락 확인 https://t.co/1ZEDAfW037",20171006162236,478,TWEET
478,[성남에 살고 있다는 이 동물.. 보신 분?] - 성남시는 #생물다양성_협약_실천 을 위해 우리시 고유의 깃대종을 선정하려고 해요 트친들은 어떤 동물이 성남 생태계를 대표한다고 생각해요? ▼투표하러 가기▼ https://t.co/fbmnzW0IOy,20171011110353,479,TWEET
479,"태백산국립공원, 깃대종 주목·열목어 선정 https://t.co/02R35KbpKa",20171208075036,480,TWEET
480,"태백산국립공원, 깃대종 주목·열목어 선정 https://t.co/qmq61zVsoK https://t.co/jm3Q99Jopi",20171208092034,481,TWEET
481,"태백산국립공원, 깃대종 주목·열목어 선정 https://t.co/HTn9dwQpG3",20171208092627,482,TWEET
482,"태백산국립공원, 깃대종 주목·열목어 선정 https://t.co/uvy4sCLqlS https://t.co/kL3IiKH71G",20171208093718,483,TWEET
483,"태백산국립공원, 깃대종 주목·열목어 선정 https://t.co/LHXAeMHLkn",20171208100105,484,TWEET
484,"태백산국립공원, 깃대종 주목·열목어 선정 https://t.co/E34xidgEF2",20171208103116,485,TWEET
485,"태백산국립공원, 깃대종 주목·열목어 선정~^^ https://t.co/ZZOU5tvHDf https://t.co/xWnmF3U9au",20171208114421,486,TWEET
486,"태백산국립공원, 깃대종 주목·열목어 선정 https://t.co/FWyKiFsefg",20171208133010,487,TWEET
487,"태백산국립공원, 깃대종 주목·열목어 선정 (출처 : 프레시안 | 네이버 뉴스) https://t.co/xHqpxVg9MV",20171208142209,488,TWEET
488,"태백산국립공원, 깃대종 주목·열목어 선정 https://t.co/UC7hyr4eBj",20171208142322,489,TWEET
489,"태백산국립공원, 깃대종 주목·열목어 선정 https://t.co/8JOjNmAH4P",20171208143628,490,TWEET
490,"태백산국립공원, 깃대종 주목·열목어 선정 https://t.co/lX4FvCwUoe",20171208150216,491,TWEET
491,"태백산국립공원, 깃대종 주목·열목어 선정 https://t.co/GYMM9iNqaL",20171208155054,492,TWEET
492,"태백산국립공원, 깃대종 주목·열목어 선정 https://t.co/ne1xqieyav https://t.co/v78vzbV8aB",20171208160021,493,TWEET
493,"태백산국립공원, 깃대종 주목·열목어 선정 https://t.co/yoHLxdN8sL https://t.co/FytYxdAVvB",20171208163227,494,TWEET
494,"태백산국립공원, 깃대종 주목·열목어 선정 https://t.co/Yi1iUDk3A1",20171208164410,495,TWEET
495,"태백산국립공원, 깃대종 주목·열목어 선정 https://t.co/v0wwmBon4A",20171208165845,496,TWEET
496,"태백산국립공원, 깃대종 주목·열목어 선정 https://t.co/z4TDyWWjMW",20171208174630,497,TWEET
497,"태백산국립공원, 깃대종 주목·열목어 선정 https://t.co/bqU4S6itQy",20171208174839,498,TWEET
498,"태백산국립공원, 깃대종 주목·열목어 선정 https://t.co/FMZdQpsf2J",20171208182451,499,TWEET
499,"태백산국립공원, 깃대종 주목·열목어 선정 https://t.co/xq1UXn858G",20171208195014,500,TWEET
500,"태백산국립공원, 깃대종 주목·열목어 선정 https://t.co/M9eMnZ5FwL",20171208203300,501,TWEET
501,"태백산국립공원, 깃대종 주목·열목어 선정 https://t.co/QxYmjyZDTV https://t.co/3EsZ9uKEB5",20171208203612,502,TWEET
502,"태백산국립공원, 깃대종 주목·열목어 선정 https://t.co/Cbfo5IXRdX",20171209000226,503,TWEET
503,"태백산국립공원, 깃대종 주목·열목어 선정 https://t.co/1sHbjF9OZG",20171209001014,504,TWEET
504,"태백산국립공원, 깃대종 주목·열목어 선정 https://t.co/BIw9pDaYs3 https://t.co/g4CuHxnJZJ",20171209001327,505,TWEET
505,"태백산국립공원, 깃대종 주목·열목어 선정 https://t.co/5gTjhooJUw",20171209002524,506,TWEET
506,[ @moijamoi | #경주 #남산] 소나무야~ 소나무야~ 경주 남산 이무기능선 소나무입니다. 남산의 깃대종 소나무! ? 자세한 내용 보기 ▶ https://t.co/6suFDoDgHu #모이 #이무기능선 #고위봉 #풍경 #겨울 #산산산 h,20171209155753,507,REPLY
507,"아리랑 저널에 오신것을 환영합니다. - 성남시 깃대종, 버들치·파파리반딧불이·청딱따구리 선정 https://t.co/P1YuRlnUAz",20171214072951,508,TWEET
508,"성남시 깃대종, 버들치·파파리반딧불이·청딱따구리 선정 https://t.co/dCv6jsykvD",20171214072956,509,TWEET
509,성남시 깃대종…버들치·파파리반딧불이·청딱따구리 선정 https://t.co/JPsd3p12oO,20171214074413,510,TWEET
510,#성남시 #버들치 #청딱구리 #파라리반딧블 성남 '버들치·청딱따구리·파파리반딧불이' 깃대종된다 @asiae_daily https://t.co/wjBxLlHkv8,20171214075934,511,REPLY
511,성남시 지역 생태계 대표 생물 ˙깃대종˙ 선정 (출처 : 아주경제 | 네이버 통합검색) https://t.co/wBneQi5qXg,20171214080812,512,TWEET
512,성남 ˙버들치·청딱따구리·파파리반딧불이˙ 깃대종된다 (출처 : 아시아경제 | 네이버 뉴스검색) https://t.co/A7uERHxLQV,20171214081037,513,TWEET
513,#성남시 '버들치·청딱따구리·파파리반딧불이' 깃대종된다 @asiae_daily https://t.co/RGU3OOgf3k,20171214082359,514,REPLY
514,성남 '버들치·청딱따구리·파파리반딧불이' 깃대종된다 @asiae_daily https://t.co/lgx1J0GHNn,20171214082520,515,REPLY
515,성남시 상징적인 야생생물 깃대종 선정 https://t.co/QafCRUrFld,20171214083031,516,TWEET
516,성남시 지역 생태계 대표 생물 '깃대종' 선정 - https://t.co/Rw4GBqAKTp @아주경제 님이 공유,20171214083527,517,TWEET
517,#성남시 대표 생물 깃대종…버들치·파파리반딧불이·청딱따구리 선정. 깃대종은 지역의 생태·지리·문화적 특성을 반영하는 상징적인 야생생물 https://t.co/5bSkrlr2kx,20171214085711,518,TWEET
518,성남시의 깃대종은…버들치·파파리반딧불이·청딱따구리 https://t.co/YW0YAQWfWA,20171214090022,519,TWEET
519,"성남시 깃대종…청딱따구리 (성남=연합뉴스) 이우성 기자 = 경기도 성남시는 지역 생태계를 대표하는 깃대종으로 버들치, 파파리반딧불이, 청딱따구리 3종을 선정했다고 14일 밝혔다. #성남시 #깃대종 https://t.co/2SDw6s99sG",20171214092409,520,TWEET
520,"성남시 깃대종…버들치 (성남=연합뉴스) 이우성 기자 = 경기도 성남시는 지역 생태계를 대표하는 깃대종으로 버들치, 파파리반딧불이, 청딱따구리 3종을 선정했다고 14일 밝혔다 버들치 모습 #성남시 #환경정책과 https://t.co/jV7E41RE87",20171214092505,521,TWEET
521,성남시의 생태계를 대표하는 생물 ‘깃대종’은? https://t.co/JCS0xF7DE4 깃대종 선정을 위해 최근 5개월간 시민 자연환경 모니터링 자료분석 등 노력 #성남시 #버들치 #파파리반딧불이 #청딱따구리 #깃대종 #선정,20171214092545,522,TWEET
522,"성남시 깃대종…파파리반딧불이 (성남=연합뉴스) 이우성 기자 = 경기도 성남시는 지역 생태계를 대표하는 깃대종으로 버들치, 파파리반딧불이, 청딱따구리 3종을 선정했다고 14일 밝혔다 파파리반딧불이 모습 #성남시 #환경정책과 https://t.co/EkF",20171214092549,523,TWEET
523,성남시의 생태계를 대표하는 생물 ‘깃대종’은? https://t.co/JCS0xF7DE4 깃대종 선정을 위해 최근 5개월간 시민 자연환경 모니터링 자료분석 등 노력 #성남시 #버들치 #파파리반딧불이 #청딱따구리 #깃대종 #선정,20171214092550,524,TWEET
524,성남시 깃대종…버들치 등 3종 선정 https://t.co/0kLWtAvWN4,20171214094132,525,TWEET
525,성남시 깃대종…버들치 등 3종 선정 https://t.co/PhoWwkytIh,20171214094310,526,TWEET
526,성남시 깃대종…버들치 등 3종 선정 https://t.co/i652OqEIne,20171214094937,527,TWEET
527,성남시 깃대종…버들치 등 3종 선정 https://t.co/9fRV6acjqu,20171214095522,528,TWEET
528,성남시 깃대종…버들치 등 3종 선정 https://t.co/5SoEiIkW1l,20171214095628,529,TWEET
529,성남시 깃대종…버들치 등 3종 선정 https://t.co/Bvixs6Jbbl,20171214100137,530,TWEET
530,성남시 깃대종…버들치·파파리반딧불이·청딱따구리 선정 https://t.co/DkkLzgPYQs https://t.co/xZnNaWJnlN,20171214104318,531,TWEET
531,성남시 깃대종…버들치·파파리반딧불이·청딱따구리 선정 &lt;font color=red&gt;성남데일리&lt;/font&gt; https://t.co/xT6l5upiQq,20171214124945,532,TWEET
532,#성남시 깃대종은…버들치·파파리반딧불이·청딱따구리 https://t.co/MqyLE5xfsF,20171214164008,533,TWEET
533,"경기도 성남시가 지역 생태계를 대표하는 깃대종으로 버들치, 파파리반딧불이, 청딱따구리 3종을 선정했다고 14일 밝혔다. https://t.co/Cpofp5VYFv",20171215072103,534,TWEET
534,"#성남시, #버들치 #파파리반딧불이 #청딱따구리 등 3종 #대표생물 #깃대종 으로 선정 https://t.co/GFZ4VNobdf",20171215080024,535,TWEET
535,성남시 깃대종…버들치·파파리반딧불이·청딱따구리 선정 https://t.co/oIWVMi6m3a,20171215101846,536,TWEET
536,"성남시, `버들치·청딱따구리` 등 깃대종 3종 선정 https://t.co/JTdqPpAe3M",20171216164943,537,TWEET
537,"버들치·파파리반딧불이·청딱따구리…성남시, 생태계 대표 생물 ‘깃대종’ 선정 https://t.co/1NfCLHIZAl",20171218152843,538,TWEET
538,#성남시 깃대종 3종 선정 알림 [깃대종(Flagship species)이란? 특정지역의 생태·지리·문화적 특성을 반영하는 상징적인 야생 동·식물로 사람들이 보호해야 할 필요성을 인정하는 종] https://t.co/F66g316JnA,20171219183436,539,TWEET
539,"성남시 깃대종 ˙버들치, 파파리 반딧불이, 청딱따구리˙ 선정 (출처 : 환경일보 | 네이버 뉴스검색) https://t.co/Z1Txc4e9a3",20171220085918,540,TWEET
540,#성남시 생태·지리·문화적 특성을 반영하는 상징적인 야생생물인 깃대종(Flagship Species) 안내요~^^ https://t.co/Cy9M248Toh,20171220130217,541,TWEET
541,#성남시 대표 생물 깃대종…버들치·파파리반딧불이·청딱따구리 선정 https://t.co/e7jrHMti9b,20171226195734,542,TWEET
542,성남시 깃대종 선정… 지역 야생생물로 보존 비전성남 https://t.co/CR417sVxsW,20171229143156,543,TWEET
543,성남시 깃대종… 버들치·파파리반딧불이·청딱따구리 선정 비전성남 https://t.co/3DRUikORWO,20171229145446,544,TWEET
544,[내일을 향한 한걸음. 비전성남] 성남시 깃대종 선정… 지역 야생생물로 보존 https://t.co/w35DczO07o,20180103215345,545,TWEET
545,[국립공원관리공단] '2018 제25회 태백산눈축제' 기간 열목어 등 깃대종 홍보 및 자연물 만들기 체험관 운영 https://t.co/HmM9pkG4PB,20180122214704,546,TWEET
546,#성남시 깃대종 삼총사~!!! https://t.co/eLVvGbFWAQ,20180126161430,547,TWEET
547,영원이 모티브는 한국의 이끼도롱뇽으로 예쁩니다 대전의 깃대종 3종류가 밴드 멤버에오 모두 이 세상의 희귀동물들을 아껴주어요 https://t.co/cCWaMZJmHW,20180203172502,548,TWEET
548,[카카오스토리&amp;인스타그램에서 참여가능합니다 ] #KTX진부오대산역 올바기를 찾아주세요! . . #오대산국립공원 깃대종 긴점박이올빼미 우리의 올바기가 KTX진부(오대산)역에 평창올림픽을 구경오시는... https://t.co/jFPnLf1Uf,20180205153753,549,TWEET
549,겨울 내성천 물고기 조사에서 깃대종 흰수마자 발견 못해 #모이 #내성천 #흰수마자 #깃대종 #낙동강 정수근 기자 https://t.co/bnQduhUFil,20180212141852,550,TWEET
550,【동양동뉴스】[황해칼럼] 인천내륙의 '깃대종'을 살려야 - 인천일보 (보도자료) https://t.co/hilT5hfVBu,20180306012640,551,TWEET
551,"지리산국립공원, 깃대종 히어리 만개... https://t.co/y18Q8ly0tn",20180320095406,552,TWEET
552,무등산 깃대종 '털조장나무' (출처 : 뉴시스 | 네이버 뉴스) https://t.co/CpG2ztfQHD,20180328154606,553,TWEET
553,꽃 망울 터뜨린 무등산 깃대종 ˙털조장나무˙ (출처 : 뉴시스 | 네이버 뉴스) https://t.co/qMJkycVGPK,20180329002602,554,TWEET
554,무등산 깃대종 ˙털조장나무˙ (출처 : 뉴시스 | 네이버 뉴스) https://t.co/QFnzZEgnn6,20180329002619,555,TWEET
555,진부역에서 만난 강원도의 토종 동물들중 긴점박이올빼비 캐릭터입니다. 귀엽습니다.^^ #강원gihun #강원도sns서포터즈 #강원도래요 #강원도 #진부역 #올빼미 #긴점박이올빼미 #강원도토종동물 #토종동물 #야생동물 #깃대종 #한국의야생동물 htt,20180331223729,556,TWEET
556,"@HaeC_J 와우 ~! 나도 이런 깨꿋한 곳에서 살고 싶다. 버들치·파파리반딧불이·청딱따구리…성남시, 생태계 대표 생물 ‘깃대종’ 선정 https://t.co/hgYzmRJ8Dm https://t.co/XIdOTfUdsM",20180419234629,557,REPLY
557,반짝반짝 보석같은 무등산 국립공원의 #깃대종 #털조장나무 를 아시나요 ~? 보기만해도 마음이 편안해지는 예쁜 영상 ~ 공유드려요 ~ ♥ https://t.co/5nFVS2A6EI,20180420080807,558,TWEET
558,화려하지는 않지만 소소한 아름다움이 있는 국립공원 속 야생화들을 만나보셨나요?? 사진 속 꽃은 소백산 국립공원의 깃대종 모데미풀이라곰 자세한 이야기는(출처:국립공원블로그기자단/들꽃향기님) https://t.co/26tsZPbEuF ?,20180506133628,559,TWEET
559,성남시 깃대종 ‘파파리반딧불이’ 탐사 https://t.co/J1DAm8DQwu,20180517090210,560,TWEET
560,성남시 깃대종 ‘파파리반딧불이’ 탐사가요 비전성남 https://t.co/CoiT3RFeqc,20180517094800,561,TWEET
561,[내일을 향한 한걸음. 비전성남] 성남시 깃대종 ‘파파리반딧불이’ 탐사가요 https://t.co/uVTk0pOdMX,20180517094850,562,TWEET
562,성남시 깃대종 파파리반딧불이 탐사 가족 모집 https://t.co/oLJZfV1D3D https://t.co/FYaM45rKU9,20180517095005,563,TWEET
563,성남시 깃대종 ‘파파리반딧불이’ 탐사가요 https://t.co/7IlXXkvXtD,20180517113832,564,TWEET
564,가장 아름다운 #반딧불이 ?? #파파리반딧불이 를 찾아라! #영장산 #탐사대 선착순 모집 https://t.co/fwuhmKlyqL #성남시 #깃대종 #파파리반딧불이 전문가와 함께 찾아보세요ㅇㅅㅇ https://t.co/a6R6oNrF1v,20180517153900,565,TWEET
565,"""성남시 깃대종 '파파리반딧불이' 탐사가요"" https://t.co/W5Ft2Gh27q",20180518080315,566,TWEET
566,#성남시 여름밤에만 만날 수 있는 파파리반딧불이 예쁜 빛 만나러가요! (성남시 깃대종)https://t.co/UW8Y9VOVN9,20180519111448,567,TWEET
567,#성남시 깃대종 파파리반딧불이 서식처 탐사체험 참여가족 모집~!!! https://t.co/xdTs2yxFzg,20180521131741,568,TWEET
568,한려해상국립공원의 깃대종을 소개합니다. #한려해상국립공원 #한려해상국립공원동부사무소 #깃대종 #멸종위기종 #천연기념물,20180529153553,569,TWEET
569,#성남시 성남에 반딧불이가 있어요~ 성남 깃대종 파파리 반딧불이 탐사체험 https://t.co/POH5rbbCk5,20180610144642,570,TWEET
570,"건물을 흔드는 요란한 소리, 이 층간소음의 범인은? #고양생태공원 #자작나무 #깃대종 #오색딱따구리 #생태교육센터 https://t.co/SvErIVUF3f 이미숙 기자",20180611144525,571,TWEET
571,"저러다가 성대 터지겠네귀하신 몸, 그놈이 돌아왔다 #고양생태공원 #올챙이 #너구리 #맹꽁이 #깃대종 https://t.co/aUZ89Wt5IL 이미숙 기자",20180714153801,572,TWEET
572,"[일등방송] 광주시, 야생생물 깃대종 지정한다 https://t.co/IN2KEr5Xpj",20180717162445,573,TWEET
573,"광주시, 야생생물 깃대종 지정한다 https://t.co/wuBgZRY0yq",20180717173757,574,TWEET
574,"광주광역시, 야생생물 깃대종 지정한다 https://t.co/X8VWkFJkek",20180717211508,575,TWEET
575,≪뉴스24≫ 내장산국립공원 깃대종 「멸종위기야생생물Ⅱ급 진노랑상사화」개화 https://t.co/13wQa4VoNP,20180718172559,576,TWEET
576,「2018 대한민국 지역공공 캐릭터 대상」공모에 #성남시 는 성남시깃대종 캐릭터를 신청했어요 우수캐릭터 선정방법은 대국민 투표100%로 선정한다하니 우리시 귀여운 캐릭터 3종에 대한 시민 여러분들의 많은 관심과 응원부탁드려요 https://t,20180808091456,577,TWEET
577,"제1회 우리동네 캐릭터대상!!♥ 성남시대표터캐릭터!! 환경지킴이 깃대종이 본선에 진출할수있게 투표부탁드려요♥ https://t.co/XhiZNasA9W 하루에 한번, 22일동안 매일 투표가능! 네이버아이디로 간단하게 투표가능^^ #성남시 #우리",20180808100917,578,TWEET
578,우리동네 캐릭터 투표하는데 성남시 깃대종 내 취향이다...컼걱 https://t.co/GvhgqG3zsh,20180811145209,579,TWEET
579,두근! 당신의 최애캐는? (최고로 애정하는 캐릭터) ☞ https://t.co/hoqkPpKu6k #성남시 환경지킴이 #깃대종 [명사] 지역의 대표가 되는 동식물의 종 #청딱다구리 #파파리반딧불이 #버들치 #왜때문인지_답은_정해져_있다_헿헤 #아직,20180814170906,580,TWEET
580,두근! 당신의 최애캐는? (최고로 애정하는 캐릭터) ☞ https://t.co/axt9NiF85P #성남시 환경지킴이 #깃대종 [명사] 지역의 대표가 되는 동식물의 종 #청딱다구리 #파파리반딧불이 #버들치 #아직_투표_아이했니 https://t.co,20180818074741,581,TWEET
581,어이없게 웃기게 생긴 애들 성남시 깃대종 ㅋㅋㅋㅋ https://t.co/sFwWBlFU3w,20180826000545,582,TWEET
582,[undefined] 주왕산 깃대종 ‘둥근잎꿩의비름’ 무료 배부 행사 https://t.co/fhuhpJCuJL,20181015095414,583,TWEET
583,너무 귀여운거 아니니? 깃대종?? 국립공원 깃대종 첫 3D애니메이션! 여러분이 가장 좋아하는 깃대종 캐릭터는 누구인가요? ? #국립공원 #애니메이션 #깃대종 #3D #korea #nationalpark #캐릭터 https://t.co/9O38,20181122165206,584,TWEET
584,"뉴스에이 모바일 사이트, '깃대종 친구들' 애니메이션으로 자연보전 교육하세요 https://t.co/P9TOmA3fWI",20181123101510,585,TWEET
585,#국립공원관리공단 은 #국립공원 을 대표하는 #캐릭터 #깃대종 을 주제로 제작한 #교육·홍보용 #애니메이션 #깃대종_친구들(#미우의_욕심)을 11월 23일부터 국립공원관리공단 누리집(https://t.co/SzYHsOd6pL)을 통해 배포합니다~ 기,20181123111919,586,TWEET
586,'깃대종 친구들' 애니메이션으로 자연보전 교육하세요 https://t.co/0AVIZwFz9i,20181123140502,587,TWEET
587,[강원경제신문] 깃대종 친구들 애니메이션으로 자연보전 교육하세요 https://t.co/ZgxJNBwZi2,20181124011414,588,TWEET
588,여러분들!!! 오늘 제가 북한산 깃대종인 오색딱다구리를 만났습니다 폰카메라 당겨 찍어서 선명하지 않지만 귀한 오색딱다구리 보세요오 https://t.co/VeaaIfhGlt,20181126191118,589,TWEET
